"ID","Word1","Word2","Phonemes1","Phonemes2","Shared_Cont_Phonemes"
883631457,"lizard","cat","[['L', 'IH1', 'Z', 'ER0', 'D']]","[['K', 'AE1', 'T']]",0
883631457,"cat","hawk","[['K', 'AE1', 'T']]","[['HH', 'AO1', 'K']]",1
883631457,"hawk","dog","[['HH', 'AO1', 'K']]","[['D', 'AO1', 'G']]",1
883631457,"dog","turtle","[['D', 'AO1', 'G']]","[['T', 'ER1', 'T', 'AH0', 'L']]",0
883631457,"turtle","jellyfish","[['T', 'ER1', 'T', 'AH0', 'L']]","[['JH', 'EH1', 'L', 'IY0', 'F', 'IH2', 'SH']]",1
883631457,"jellyfish","bear","[['JH', 'EH1', 'L', 'IY0', 'F', 'IH2', 'SH']]","[['B', 'EH1', 'R']]",1
883631457,"bear","ant","[['B', 'EH1', 'R']]","[['AE1', 'N', 'T']]",0
883631457,"ant","mosquito","[['AE1', 'N', 'T']]","[['M', 'AH0', 'S', 'K', 'IY1', 'T', 'OW0']]",1
883631457,"mosquito","frog","[['M', 'AH0', 'S', 'K', 'IY1', 'T', 'OW0']]","[['F', 'R', 'AA1', 'G']]",0
883631457,"frog","tadpole","[['F', 'R', 'AA1', 'G']]","[['T', 'AE1', 'D', 'P', 'OW2', 'L']]",0
883631457,"tadpole","fish","[['T', 'AE1', 'D', 'P', 'OW2', 'L']]","[['F', 'IH1', 'SH']]",0
883631457,"fish","shark","[['F', 'IH1', 'SH']]","[['SH', 'AA1', 'R', 'K']]",1
883631457,"shark","dolphin","[['SH', 'AA1', 'R', 'K']]","[['D', 'AA1', 'L', 'F', 'AH0', 'N']]",1
883631457,"dolphin","gorilla","[['D', 'AA1', 'L', 'F', 'AH0', 'N']]","[['G', 'ER0', 'IH1', 'L', 'AH0']]",1
883631457,"gorilla","monkey","[['G', 'ER0', 'IH1', 'L', 'AH0']]","[['M', 'AH1', 'NG', 'K', 'IY0']]",1
883631457,"monkey","fly","[['M', 'AH1', 'NG', 'K', 'IY0']]","[['F', 'L', 'AY1']]",0
883631457,"fly","eagle","[['F', 'L', 'AY1']]","[['IY1', 'G', 'AH0', 'L']]",1
883631457,"eagle","toad","[['IY1', 'G', 'AH0', 'L']]","[['T', 'OW1', 'D']]",0
883631457,"toad","rat","[['T', 'OW1', 'D']]","[['R', 'AE1', 'T']]",1
883631457,"rat","mouse","[['R', 'AE1', 'T']]","[['M', 'AW1', 'S']]",0
883631457,"mouse","gerbil","[['M', 'AW1', 'S']]","[['JH', 'IY1', 'ER1', 'B', 'IH1', 'L']]",0
883631457,"gerbil","groundhog","[['JH', 'IY1', 'ER1', 'B', 'IH1', 'L']]","[['G', 'R', 'AW1', 'N', 'D', 'HH', 'AA2', 'G']]",0
883631457,"groundhog","fox","[['G', 'R', 'AW1', 'N', 'D', 'HH', 'AA2', 'G']]","[['F', 'AA1', 'K', 'S']]",1
883631457,"fox","raccoon","[['F', 'AA1', 'K', 'S']]","[['R', 'AE0', 'K', 'UW1', 'N']]",1
883631457,"raccoon","deer","[['R', 'AE0', 'K', 'UW1', 'N']]","[['D', 'IH1', 'R']]",1
883631457,"deer","squirrel","[['D', 'IH1', 'R']]","[['S', 'K', 'W', 'ER1', 'AH0', 'L']]",0
883631457,"squirrel","rabbit","[['S', 'K', 'W', 'ER1', 'AH0', 'L']]","[['R', 'AE1', 'B', 'AH0', 'T'], ['R', 'AE1', 'B', 'IH0', 'T']]",1
883631457,"rabbit","bluejay","[['R', 'AE1', 'B', 'AH0', 'T'], ['R', 'AE1', 'B', 'IH0', 'T']]","[['B', 'L', 'UW1', 'JH', 'EY2']]",1
528353180,"peacock","giraffe","[['P', 'IY1', 'K', 'AA2', 'K']]","[['JH', 'ER0', 'AE1', 'F']]",0
528353180,"giraffe","elephant","[['JH', 'ER0', 'AE1', 'F']]","[['EH1', 'L', 'AH0', 'F', 'AH0', 'N', 'T']]",1
528353180,"elephant","zebra","[['EH1', 'L', 'AH0', 'F', 'AH0', 'N', 'T']]","[['Z', 'IY1', 'B', 'R', 'AH0']]",1
528353180,"zebra","horse","[['Z', 'IY1', 'B', 'R', 'AH0']]","[['HH', 'AO1', 'R', 'S']]",1
528353180,"horse","cat","[['HH', 'AO1', 'R', 'S']]","[['K', 'AE1', 'T']]",0
528353180,"cat","dog","[['K', 'AE1', 'T']]","[['D', 'AO1', 'G']]",0
528353180,"dog","iguana","[['D', 'AO1', 'G']]","[['AY0', 'G', 'W', 'AA1', 'N', 'AH0']]",1
528353180,"iguana","turtle","[['AY0', 'G', 'W', 'AA1', 'N', 'AH0']]","[['T', 'ER1', 'T', 'AH0', 'L']]",1
528353180,"turtle","dolphin","[['T', 'ER1', 'T', 'AH0', 'L']]","[['D', 'AA1', 'L', 'F', 'AH0', 'N']]",1
528353180,"dolphin","penguin","[['D', 'AA1', 'L', 'F', 'AH0', 'N']]","[['P', 'EH1', 'NG', 'G', 'W', 'AH0', 'N']]",2
528353180,"penguin","buffalo","[['P', 'EH1', 'NG', 'G', 'W', 'AH0', 'N']]","[['B', 'AH1', 'F', 'AH0', 'L', 'OW2']]",1
528353180,"buffalo","kangaroo","[['B', 'AH1', 'F', 'AH0', 'L', 'OW2']]","[['K', 'AE2', 'NG', 'G', 'ER0', 'UW1']]",0
528353180,"kangaroo","goose","[['K', 'AE2', 'NG', 'G', 'ER0', 'UW1']]","[['G', 'UW1', 'S']]",1
528353180,"goose","duck","[['G', 'UW1', 'S']]","[['D', 'AH1', 'K']]",0
528353180,"duck","swan","[['D', 'AH1', 'K']]","[['S', 'W', 'AA1', 'N'], ['S', 'W', 'AO1', 'N']]",0
528353180,"swan","monkey","[['S', 'W', 'AA1', 'N'], ['S', 'W', 'AO1', 'N']]","[['M', 'AH1', 'NG', 'K', 'IY0']]",0
528353180,"monkey","chimp","[['M', 'AH1', 'NG', 'K', 'IY0']]","[['CH', 'IH1', 'M', 'P']]",1
528353180,"chimp","lion","[['CH', 'IH1', 'M', 'P']]","[['L', 'AY1', 'AH0', 'N']]",0
528353180,"lion","tiger","[['L', 'AY1', 'AH0', 'N']]","[['T', 'AY1', 'G', 'ER0']]",1
956268845,"cat","dog","[['K', 'AE1', 'T']]","[['D', 'AO1', 'G']]",0
956268845,"dog","iguana","[['D', 'AO1', 'G']]","[['AY0', 'G', 'W', 'AA1', 'N', 'AH0']]",1
956268845,"iguana","wombat","[['AY0', 'G', 'W', 'AA1', 'N', 'AH0']]","[['W', 'AA1', 'M', 'B', 'AE2', 'T']]",2
956268845,"wombat","goat","[['W', 'AA1', 'M', 'B', 'AE2', 'T']]","[['G', 'OW1', 'T']]",1
956268845,"goat","platypus","[['G', 'OW1', 'T']]","[['P', 'L', 'AE1', 'T', 'AH0', 'P', 'UH2', 'S']]",1
956268845,"platypus","bear","[['P', 'L', 'AE1', 'T', 'AH0', 'P', 'UH2', 'S']]","[['B', 'EH1', 'R']]",0
956268845,"bear","firefly","[['B', 'EH1', 'R']]","[['F', 'AY1', 'ER0', 'F', 'L', 'AY2']]",0
956268845,"firefly","fly","[['F', 'AY1', 'ER0', 'F', 'L', 'AY2']]","[['F', 'L', 'AY1']]",3
956268845,"fly","ant","[['F', 'L', 'AY1']]","[['AE1', 'N', 'T']]",0
956268845,"ant","bird","[['AE1', 'N', 'T']]","[['B', 'ER1', 'D']]",0
956268845,"bird","eagle","[['B', 'ER1', 'D']]","[['IY1', 'G', 'AH0', 'L']]",0
956268845,"eagle","moose","[['IY1', 'G', 'AH0', 'L']]","[['M', 'UW1', 'S']]",0
956268845,"moose","deer","[['M', 'UW1', 'S']]","[['D', 'IH1', 'R']]",0
956268845,"deer","mouse","[['D', 'IH1', 'R']]","[['M', 'AW1', 'S']]",0
956268845,"mouse","duck","[['M', 'AW1', 'S']]","[['D', 'AH1', 'K']]",0
956268845,"duck","crow","[['D', 'AH1', 'K']]","[['K', 'R', 'OW1']]",1
956268845,"crow","frog","[['K', 'R', 'OW1']]","[['F', 'R', 'AA1', 'G']]",1
956268845,"frog","tadpole","[['F', 'R', 'AA1', 'G']]","[['T', 'AE1', 'D', 'P', 'OW2', 'L']]",0
956268845,"tadpole","caterpillar","[['T', 'AE1', 'D', 'P', 'OW2', 'L']]","[['K', 'AE1', 'T', 'AH0', 'P', 'IH2', 'L', 'ER0'], ['K', 'AE1', 'T', 'ER0', 'P', 'IH2', 'L', 'ER0']]",1
956268845,"caterpillar","butterfly","[['K', 'AE1', 'T', 'AH0', 'P', 'IH2', 'L', 'ER0'], ['K', 'AE1', 'T', 'ER0', 'P', 'IH2', 'L', 'ER0']]","[['B', 'AH1', 'T', 'ER0', 'F', 'L', 'AY2']]",1
956268845,"butterfly","moth","[['B', 'AH1', 'T', 'ER0', 'F', 'L', 'AY2']]","[['M', 'AO1', 'TH']]",0
956268845,"moth","gorilla","[['M', 'AO1', 'TH']]","[['G', 'ER0', 'IH1', 'L', 'AH0']]",0
956268845,"gorilla","monkey","[['G', 'ER0', 'IH1', 'L', 'AH0']]","[['M', 'AH1', 'NG', 'K', 'IY0']]",1
956268845,"monkey","horse","[['M', 'AH1', 'NG', 'K', 'IY0']]","[['HH', 'AO1', 'R', 'S']]",0
332053124,"cat","lion","[['K', 'AE1', 'T']]","[['L', 'AY1', 'AH0', 'N']]",0
332053124,"lion","tiger","[['L', 'AY1', 'AH0', 'N']]","[['T', 'AY1', 'G', 'ER0']]",1
332053124,"tiger","dog","[['T', 'AY1', 'G', 'ER0']]","[['D', 'AO1', 'G']]",1
332053124,"dog","hamster","[['D', 'AO1', 'G']]","[['HH', 'AE1', 'M', 'S', 'T', 'ER0']]",0
332053124,"hamster","gerbil","[['HH', 'AE1', 'M', 'S', 'T', 'ER0']]","[['JH', 'IY1', 'ER1', 'B', 'IH1', 'L']]",1
332053124,"gerbil","sheep","[['JH', 'IY1', 'ER1', 'B', 'IH1', 'L']]","[['SH', 'IY1', 'P']]",1
332053124,"sheep","horse","[['SH', 'IY1', 'P']]","[['HH', 'AO1', 'R', 'S']]",0
332053124,"horse","pig","[['HH', 'AO1', 'R', 'S']]","[['P', 'IH1', 'G']]",0
332053124,"pig","goat","[['P', 'IH1', 'G']]","[['G', 'OW1', 'T']]",1
332053124,"goat","pony","[['G', 'OW1', 'T']]","[['P', 'OW1', 'N', 'IY0']]",1
332053124,"pony","peacock","[['P', 'OW1', 'N', 'IY0']]","[['P', 'IY1', 'K', 'AA2', 'K']]",1
332053124,"peacock","bird","[['P', 'IY1', 'K', 'AA2', 'K']]","[['B', 'ER1', 'D']]",0
332053124,"bird","lion","[['B', 'ER1', 'D']]","[['L', 'AY1', 'AH0', 'N']]",0
332053124,"lion","lamb","[['L', 'AY1', 'AH0', 'N']]","[['L', 'AE1', 'M']]",1
332053124,"lamb","elephant","[['L', 'AE1', 'M']]","[['EH1', 'L', 'AH0', 'F', 'AH0', 'N', 'T']]",1
332053124,"elephant","chicken","[['EH1', 'L', 'AH0', 'F', 'AH0', 'N', 'T']]","[['CH', 'IH1', 'K', 'AH0', 'N']]",2
332053124,"chicken","rooster","[['CH', 'IH1', 'K', 'AH0', 'N']]","[['R', 'UW1', 'S', 'T', 'ER0']]",0
891411190,"giraffe","elephant","[['JH', 'ER0', 'AE1', 'F']]","[['EH1', 'L', 'AH0', 'F', 'AH0', 'N', 'T']]",1
891411190,"elephant","lion","[['EH1', 'L', 'AH0', 'F', 'AH0', 'N', 'T']]","[['L', 'AY1', 'AH0', 'N']]",2
891411190,"lion","hippo","[['L', 'AY1', 'AH0', 'N']]","[['HH', 'IH1', 'P', 'OW0']]",0
891411190,"hippo","bat","[['HH', 'IH1', 'P', 'OW0']]","[['B', 'AE1', 'T']]",0
891411190,"bat","fish","[['B', 'AE1', 'T']]","[['F', 'IH1', 'SH']]",0
891411190,"fish","shark","[['F', 'IH1', 'SH']]","[['SH', 'AA1', 'R', 'K']]",1
891411190,"shark","turtle","[['SH', 'AA1', 'R', 'K']]","[['T', 'ER1', 'T', 'AH0', 'L']]",0
891411190,"turtle","snake","[['T', 'ER1', 'T', 'AH0', 'L']]","[['S', 'N', 'EY1', 'K']]",0
891411190,"snake","dolphin","[['S', 'N', 'EY1', 'K']]","[['D', 'AA1', 'L', 'F', 'AH0', 'N']]",1
891411190,"dolphin","whale","[['D', 'AA1', 'L', 'F', 'AH0', 'N']]","[['W', 'EY1', 'L'], ['HH', 'W', 'EY1', 'L']]",1
891411190,"whale","chicken","[['W', 'EY1', 'L'], ['HH', 'W', 'EY1', 'L']]","[['CH', 'IH1', 'K', 'AH0', 'N']]",0
891411190,"chicken","cow","[['CH', 'IH1', 'K', 'AH0', 'N']]","[['K', 'AW1']]",1
891411190,"cow","horse","[['K', 'AW1']]","[['HH', 'AO1', 'R', 'S']]",0
891411190,"horse","butterfly","[['HH', 'AO1', 'R', 'S']]","[['B', 'AH1', 'T', 'ER0', 'F', 'L', 'AY2']]",0
891411190,"butterfly","bear","[['B', 'AH1', 'T', 'ER0', 'F', 'L', 'AY2']]","[['B', 'EH1', 'R']]",1
891411190,"bear","deer","[['B', 'EH1', 'R']]","[['D', 'IH1', 'R']]",1
891411190,"deer","tiger","[['D', 'IH1', 'R']]","[['T', 'AY1', 'G', 'ER0']]",0
891411190,"tiger","flamingo","[['T', 'AY1', 'G', 'ER0']]","[['F', 'L', 'AH0', 'M', 'IH1', 'NG', 'G', 'OW0']]",1
211889642,"alligator","octopus","[['AE1', 'L', 'AH0', 'G', 'EY2', 'T', 'ER0']]","[['AA1', 'K', 'T', 'AH0', 'P', 'UH2', 'S']]",1
211889642,"octopus","ostrich","[['AA1', 'K', 'T', 'AH0', 'P', 'UH2', 'S']]","[['AO1', 'S', 'T', 'R', 'IH0', 'CH']]",1
211889642,"ostrich","peacock","[['AO1', 'S', 'T', 'R', 'IH0', 'CH']]","[['P', 'IY1', 'K', 'AA2', 'K']]",0
211889642,"peacock","bear","[['P', 'IY1', 'K', 'AA2', 'K']]","[['B', 'EH1', 'R']]",0
211889642,"bear","tiger","[['B', 'EH1', 'R']]","[['T', 'AY1', 'G', 'ER0']]",0
211889642,"tiger","lion","[['T', 'AY1', 'G', 'ER0']]","[['L', 'AY1', 'AH0', 'N']]",1
211889642,"lion","gorilla","[['L', 'AY1', 'AH0', 'N']]","[['G', 'ER0', 'IH1', 'L', 'AH0']]",1
211889642,"gorilla","monkey","[['G', 'ER0', 'IH1', 'L', 'AH0']]","[['M', 'AH1', 'NG', 'K', 'IY0']]",1
211889642,"monkey","dog","[['M', 'AH1', 'NG', 'K', 'IY0']]","[['D', 'AO1', 'G']]",0
211889642,"dog","cat","[['D', 'AO1', 'G']]","[['K', 'AE1', 'T']]",0
211889642,"cat","hyena","[['K', 'AE1', 'T']]","[['HH', 'AY0', 'IY1', 'N', 'AH0']]",0
211889642,"hyena","snake","[['HH', 'AY0', 'IY1', 'N', 'AH0']]","[['S', 'N', 'EY1', 'K']]",1
211889642,"snake","fish","[['S', 'N', 'EY1', 'K']]","[['F', 'IH1', 'SH']]",0
211889642,"fish","bird","[['F', 'IH1', 'SH']]","[['B', 'ER1', 'D']]",0
211889642,"bird","rabbit","[['B', 'ER1', 'D']]","[['R', 'AE1', 'B', 'AH0', 'T'], ['R', 'AE1', 'B', 'IH0', 'T']]",1
211889642,"rabbit","dolphin","[['R', 'AE1', 'B', 'AH0', 'T'], ['R', 'AE1', 'B', 'IH0', 'T']]","[['D', 'AA1', 'L', 'F', 'AH0', 'N']]",1
211889642,"dolphin","squirrel","[['D', 'AA1', 'L', 'F', 'AH0', 'N']]","[['S', 'K', 'W', 'ER1', 'AH0', 'L']]",1
211889642,"squirrel","guinea","[['S', 'K', 'W', 'ER1', 'AH0', 'L']]","[['G', 'IH1', 'N', 'IY0']]",0
211889642,"guinea","mouse","[['G', 'IH1', 'N', 'IY0']]","[['M', 'AW1', 'S']]",0
211889642,"mouse","lizard","[['M', 'AW1', 'S']]","[['L', 'IH1', 'Z', 'ER0', 'D']]",0
211889642,"lizard","iguana","[['L', 'IH1', 'Z', 'ER0', 'D']]","[['AY0', 'G', 'W', 'AA1', 'N', 'AH0']]",0
211889642,"iguana","crocodile","[['AY0', 'G', 'W', 'AA1', 'N', 'AH0']]","[['K', 'R', 'AA1', 'K', 'AH0', 'D', 'AY2', 'L']]",1
361143056,"elephant","giraffe","[['EH1', 'L', 'AH0', 'F', 'AH0', 'N', 'T']]","[['JH', 'ER0', 'AE1', 'F']]",1
361143056,"giraffe","tiger","[['JH', 'ER0', 'AE1', 'F']]","[['T', 'AY1', 'G', 'ER0']]",1
361143056,"tiger","lion","[['T', 'AY1', 'G', 'ER0']]","[['L', 'AY1', 'AH0', 'N']]",1
361143056,"lion","cheetah","[['L', 'AY1', 'AH0', 'N']]","[['CH', 'IY1', 'T', 'AH0']]",1
361143056,"cheetah","dog","[['CH', 'IY1', 'T', 'AH0']]","[['D', 'AO1', 'G']]",0
361143056,"dog","cat","[['D', 'AO1', 'G']]","[['K', 'AE1', 'T']]",0
361143056,"cat","mouse","[['K', 'AE1', 'T']]","[['M', 'AW1', 'S']]",0
361143056,"mouse","rat","[['M', 'AW1', 'S']]","[['R', 'AE1', 'T']]",0
361143056,"rat","ostrich","[['R', 'AE1', 'T']]","[['AO1', 'S', 'T', 'R', 'IH0', 'CH']]",1
361143056,"ostrich","parakeet","[['AO1', 'S', 'T', 'R', 'IH0', 'CH']]","[['P', 'EH1', 'R', 'AH0', 'K', 'IY2', 'T']]",1
361143056,"parakeet","fish","[['P', 'EH1', 'R', 'AH0', 'K', 'IY2', 'T']]","[['F', 'IH1', 'SH']]",0
361143056,"fish","gerbil","[['F', 'IH1', 'SH']]","[['JH', 'IY1', 'ER1', 'B', 'IH1', 'L']]",1
361143056,"gerbil","hamster","[['JH', 'IY1', 'ER1', 'B', 'IH1', 'L']]","[['HH', 'AE1', 'M', 'S', 'T', 'ER0']]",1
361143056,"hamster","guinea","[['HH', 'AE1', 'M', 'S', 'T', 'ER0']]","[['G', 'IH1', 'N', 'IY0']]",0
361143056,"guinea","capybara","[['G', 'IH1', 'N', 'IY0']]","[['K', 'AE1', 'P', 'W', 'AY1', 'B', 'AA1', 'R', 'AH0']]",0
361143056,"capybara","zebra","[['K', 'AE1', 'P', 'W', 'AY1', 'B', 'AA1', 'R', 'AH0']]","[['Z', 'IY1', 'B', 'R', 'AH0']]",2
361143056,"zebra","horse","[['Z', 'IY1', 'B', 'R', 'AH0']]","[['HH', 'AO1', 'R', 'S']]",1
361143056,"horse","tiger","[['HH', 'AO1', 'R', 'S']]","[['T', 'AY1', 'G', 'ER0']]",0
361143056,"tiger","emu","[['T', 'AY1', 'G', 'ER0']]","[['IY1', 'M', 'Y', 'UW2']]",0
361143056,"emu","elk","[['IY1', 'M', 'Y', 'UW2']]","[['EH1', 'L', 'K']]",0
361143056,"elk","deer","[['EH1', 'L', 'K']]","[['D', 'IH1', 'R']]",0
361143056,"deer","antelope","[['D', 'IH1', 'R']]","[['AE1', 'N', 'T', 'AH0', 'L', 'OW2', 'P']]",0
642812588,"cat","dog","[['K', 'AE1', 'T']]","[['D', 'AO1', 'G']]",0
642812588,"dog","fish","[['D', 'AO1', 'G']]","[['F', 'IH1', 'SH']]",0
642812588,"fish","shark","[['F', 'IH1', 'SH']]","[['SH', 'AA1', 'R', 'K']]",1
642812588,"shark","dolphin","[['SH', 'AA1', 'R', 'K']]","[['D', 'AA1', 'L', 'F', 'AH0', 'N']]",1
642812588,"dolphin","shrimp","[['D', 'AA1', 'L', 'F', 'AH0', 'N']]","[['SH', 'R', 'IH1', 'M', 'P']]",0
642812588,"shrimp","crab","[['SH', 'R', 'IH1', 'M', 'P']]","[['K', 'R', 'AE1', 'B']]",1
642812588,"crab","lobster","[['K', 'R', 'AE1', 'B']]","[['L', 'AA1', 'B', 'S', 'T', 'ER0']]",1
642812588,"lobster","iguana","[['L', 'AA1', 'B', 'S', 'T', 'ER0']]","[['AY0', 'G', 'W', 'AA1', 'N', 'AH0']]",1
642812588,"iguana","bear","[['AY0', 'G', 'W', 'AA1', 'N', 'AH0']]","[['B', 'EH1', 'R']]",0
642812588,"bear","lion","[['B', 'EH1', 'R']]","[['L', 'AY1', 'AH0', 'N']]",0
642812588,"lion","tiger","[['L', 'AY1', 'AH0', 'N']]","[['T', 'AY1', 'G', 'ER0']]",1
642812588,"tiger","eagle","[['T', 'AY1', 'G', 'ER0']]","[['IY1', 'G', 'AH0', 'L']]",1
642812588,"eagle","falcon","[['IY1', 'G', 'AH0', 'L']]","[['F', 'AE1', 'L', 'K', 'AH0', 'N']]",1
642812588,"falcon","raven","[['F', 'AE1', 'L', 'K', 'AH0', 'N']]","[['R', 'EY1', 'V', 'AH0', 'N']]",2
642812588,"raven","lizard","[['R', 'EY1', 'V', 'AH0', 'N']]","[['L', 'IH1', 'Z', 'ER0', 'D']]",0
642812588,"lizard","gecko","[['L', 'IH1', 'Z', 'ER0', 'D']]","[['G', 'EH1', 'K', 'OW0']]",0
642812588,"gecko","alligator","[['G', 'EH1', 'K', 'OW0']]","[['AE1', 'L', 'AH0', 'G', 'EY2', 'T', 'ER0']]",1
642812588,"alligator","crocodile","[['AE1', 'L', 'AH0', 'G', 'EY2', 'T', 'ER0']]","[['K', 'R', 'AA1', 'K', 'AH0', 'D', 'AY2', 'L']]",1
642812588,"crocodile","mammoth","[['K', 'R', 'AA1', 'K', 'AH0', 'D', 'AY2', 'L']]","[['M', 'AE1', 'M', 'AH0', 'TH']]",1
642812588,"mammoth","kangaroo","[['M', 'AE1', 'M', 'AH0', 'TH']]","[['K', 'AE2', 'NG', 'G', 'ER0', 'UW1']]",1
722249212,"shark","stingray","[['SH', 'AA1', 'R', 'K']]","[['S', 'T', 'IH1', 'NG', 'R', 'EY1']]",1
722249212,"stingray","angelfish","[['S', 'T', 'IH1', 'NG', 'R', 'EY1']]","[['EY1', 'N', 'JH', 'AH0', 'L', 'F', 'IH2', 'SH']]",1
722249212,"angelfish","clownfish","[['EY1', 'N', 'JH', 'AH0', 'L', 'F', 'IH2', 'SH']]","[['K', 'L', 'AW1', 'N', 'F', 'IH1', 'SH']]",3
722249212,"clownfish","seahorse","[['K', 'L', 'AW1', 'N', 'F', 'IH1', 'SH']]","[['S', 'IY1', 'HH', 'AO1', 'R', 'S']]",0
722249212,"seahorse","seadragon","[['S', 'IY1', 'HH', 'AO1', 'R', 'S']]","[['S', 'IY1', 'D', 'R', 'AE1', 'G', 'AH0', 'N']]",2
722249212,"seadragon","penguin","[['S', 'IY1', 'D', 'R', 'AE1', 'G', 'AH0', 'N']]","[['P', 'EH1', 'NG', 'G', 'W', 'AH0', 'N']]",2
722249212,"penguin","polar","[['P', 'EH1', 'NG', 'G', 'W', 'AH0', 'N']]","[['P', 'OW1', 'L', 'ER0']]",1
722249212,"polar","dolphin","[['P', 'OW1', 'L', 'ER0']]","[['D', 'AA1', 'L', 'F', 'AH0', 'N']]",1
722249212,"dolphin","sealion","[['D', 'AA1', 'L', 'F', 'AH0', 'N']]","[['S', 'IY1', 'L', 'AY1', 'AH0', 'N'], ['S', 'IY1', 'L', 'AY1', 'AA2', 'N']]",2
722249212,"sealion","seal","[['S', 'IY1', 'L', 'AY1', 'AH0', 'N'], ['S', 'IY1', 'L', 'AY1', 'AA2', 'N']]","[['S', 'IY1', 'L']]",3
722249212,"seal","tiger","[['S', 'IY1', 'L']]","[['T', 'AY1', 'G', 'ER0']]",0
722249212,"tiger","panda","[['T', 'AY1', 'G', 'ER0']]","[['P', 'AE1', 'N', 'D', 'AH0']]",0
722249212,"panda","mule","[['P', 'AE1', 'N', 'D', 'AH0']]","[['M', 'Y', 'UW1', 'L']]",0
722249212,"mule","deer","[['M', 'Y', 'UW1', 'L']]","[['D', 'IH1', 'R']]",0
722249212,"deer","bat","[['D', 'IH1', 'R']]","[['B', 'AE1', 'T']]",0
722249212,"bat","koala","[['B', 'AE1', 'T']]","[['K', 'OW0', 'AA1', 'L', 'AH0']]",0
722249212,"koala","bear","[['K', 'OW0', 'AA1', 'L', 'AH0']]","[['B', 'EH1', 'R']]",0
722249212,"bear","bear","[['B', 'EH1', 'R']]","[['B', 'EH1', 'R']]",3
722249212,"bear","lemur","[['B', 'EH1', 'R']]","[['L', 'IY1', 'M', 'ER0']]",0
722249212,"lemur","ringtailed","[['L', 'IY1', 'M', 'ER0']]","[['R', 'IH1', 'NG', 'T', 'EY1', 'L', 'D']]",1
722249212,"ringtailed","lemur","[['R', 'IH1', 'NG', 'T', 'EY1', 'L', 'D']]","[['L', 'IY1', 'M', 'ER0']]",1
722249212,"lemur","lion","[['L', 'IY1', 'M', 'ER0']]","[['L', 'AY1', 'AH0', 'N']]",1
722249212,"lion","elephant","[['L', 'AY1', 'AH0', 'N']]","[['EH1', 'L', 'AH0', 'F', 'AH0', 'N', 'T']]",2
722249212,"elephant","kangaroo","[['EH1', 'L', 'AH0', 'F', 'AH0', 'N', 'T']]","[['K', 'AE2', 'NG', 'G', 'ER0', 'UW1']]",0
722249212,"kangaroo","wallaby","[['K', 'AE2', 'NG', 'G', 'ER0', 'UW1']]","[['W', 'AA1', 'L', 'AH0', 'B', 'IY0']]",0
722249212,"wallaby","emu","[['W', 'AA1', 'L', 'AH0', 'B', 'IY0']]","[['IY1', 'M', 'Y', 'UW2']]",1
722249212,"emu","ostrich","[['IY1', 'M', 'Y', 'UW2']]","[['AO1', 'S', 'T', 'R', 'IH0', 'CH']]",0
722249212,"ostrich","rhino","[['AO1', 'S', 'T', 'R', 'IH0', 'CH']]","[['R', 'AY1', 'N', 'OW2']]",1
722249212,"rhino","hippo","[['R', 'AY1', 'N', 'OW2']]","[['HH', 'IH1', 'P', 'OW0']]",1
722249212,"hippo","stork","[['HH', 'IH1', 'P', 'OW0']]","[['S', 'T', 'AO1', 'R', 'K']]",0
722249212,"stork","guinea","[['S', 'T', 'AO1', 'R', 'K']]","[['G', 'IH1', 'N', 'IY0']]",0
722249212,"guinea","fowl","[['G', 'IH1', 'N', 'IY0']]","[['F', 'AW1', 'L']]",0
722249212,"fowl","zebra","[['F', 'AW1', 'L']]","[['Z', 'IY1', 'B', 'R', 'AH0']]",0
722249212,"zebra","kudu","[['Z', 'IY1', 'B', 'R', 'AH0']]","[['K', 'UW1', 'D', 'UW1'], ['K', 'UW1', 'D', 'AH0']]",0
722249212,"kudu","cow","[['K', 'UW1', 'D', 'UW1'], ['K', 'UW1', 'D', 'AH0']]","[['K', 'AW1']]",1
722249212,"cow","horse","[['K', 'AW1']]","[['HH', 'AO1', 'R', 'S']]",0
722249212,"horse","pig","[['HH', 'AO1', 'R', 'S']]","[['P', 'IH1', 'G']]",0
722249212,"pig","sheep","[['P', 'IH1', 'G']]","[['SH', 'IY1', 'P']]",1
722249212,"sheep","donkey","[['SH', 'IY1', 'P']]","[['D', 'AA1', 'NG', 'K', 'IY0'], ['D', 'AO1', 'NG', 'K', 'IY0']]",1
722249212,"donkey","ox","[['D', 'AA1', 'NG', 'K', 'IY0'], ['D', 'AO1', 'NG', 'K', 'IY0']]","[['AA1', 'K', 'S']]",1
823316253,"dog","cat","[['D', 'AO1', 'G']]","[['K', 'AE1', 'T']]",0
823316253,"cat","bird","[['K', 'AE1', 'T']]","[['B', 'ER1', 'D']]",0
823316253,"bird","elephant","[['B', 'ER1', 'D']]","[['EH1', 'L', 'AH0', 'F', 'AH0', 'N', 'T']]",0
823316253,"elephant","kangaroo","[['EH1', 'L', 'AH0', 'F', 'AH0', 'N', 'T']]","[['K', 'AE2', 'NG', 'G', 'ER0', 'UW1']]",0
823316253,"kangaroo","cheetah","[['K', 'AE2', 'NG', 'G', 'ER0', 'UW1']]","[['CH', 'IY1', 'T', 'AH0']]",0
823316253,"cheetah","lion","[['CH', 'IY1', 'T', 'AH0']]","[['L', 'AY1', 'AH0', 'N']]",1
823316253,"lion","tiger","[['L', 'AY1', 'AH0', 'N']]","[['T', 'AY1', 'G', 'ER0']]",1
823316253,"tiger","bear","[['T', 'AY1', 'G', 'ER0']]","[['B', 'EH1', 'R']]",0
823316253,"bear","iguana","[['B', 'EH1', 'R']]","[['AY0', 'G', 'W', 'AA1', 'N', 'AH0']]",0
823316253,"iguana","kangaroo","[['AY0', 'G', 'W', 'AA1', 'N', 'AH0']]","[['K', 'AE2', 'NG', 'G', 'ER0', 'UW1']]",1
823316253,"kangaroo","pelican","[['K', 'AE2', 'NG', 'G', 'ER0', 'UW1']]","[['P', 'EH1', 'L', 'AH0', 'K', 'AH0', 'N']]",1
823316253,"pelican","penguin","[['P', 'EH1', 'L', 'AH0', 'K', 'AH0', 'N']]","[['P', 'EH1', 'NG', 'G', 'W', 'AH0', 'N']]",2
823316253,"penguin","polar","[['P', 'EH1', 'NG', 'G', 'W', 'AH0', 'N']]","[['P', 'OW1', 'L', 'ER0']]",1
823316253,"polar","grizzly","[['P', 'OW1', 'L', 'ER0']]","[['G', 'R', 'IH1', 'Z', 'L', 'IY0']]",1
823316253,"grizzly","moose","[['G', 'R', 'IH1', 'Z', 'L', 'IY0']]","[['M', 'UW1', 'S']]",0
823316253,"moose","turtle","[['M', 'UW1', 'S']]","[['T', 'ER1', 'T', 'AH0', 'L']]",0
823316253,"turtle","flamingo","[['T', 'ER1', 'T', 'AH0', 'L']]","[['F', 'L', 'AH0', 'M', 'IH1', 'NG', 'G', 'OW0']]",1
823316253,"flamingo","rhino","[['F', 'L', 'AH0', 'M', 'IH1', 'NG', 'G', 'OW0']]","[['R', 'AY1', 'N', 'OW2']]",1
823316253,"rhino","toucan","[['R', 'AY1', 'N', 'OW2']]","[['T', 'UW1', 'Y', 'UW1', 'K', 'AE1', 'N'], ['T', 'UW1', 'Y', 'UW1', 'K', 'AH0', 'N'], ['T', 'IH0', 'Y', 'UW1', 'K', 'AE1', 'N'], ['T', 'IH0', 'Y', 'UW1', 'K', 'AH0', 'N'], ['T', 'AH0', 'Y', 'UW1', 'K', 'AE1', 'N'], ['T', 'AH0', 'Y', 'UW1', 'K', 'AH0', 'N']]",1
823316253,"toucan","parakeet","[['T', 'UW1', 'Y', 'UW1', 'K', 'AE1', 'N'], ['T', 'UW1', 'Y', 'UW1', 'K', 'AH0', 'N'], ['T', 'IH0', 'Y', 'UW1', 'K', 'AE1', 'N'], ['T', 'IH0', 'Y', 'UW1', 'K', 'AH0', 'N'], ['T', 'AH0', 'Y', 'UW1', 'K', 'AE1', 'N'], ['T', 'AH0', 'Y', 'UW1', 'K', 'AH0', 'N']]","[['P', 'EH1', 'R', 'AH0', 'K', 'IY2', 'T']]",1
823316253,"parakeet","alligator","[['P', 'EH1', 'R', 'AH0', 'K', 'IY2', 'T']]","[['AE1', 'L', 'AH0', 'G', 'EY2', 'T', 'ER0']]",1
823316253,"alligator","crocodile","[['AE1', 'L', 'AH0', 'G', 'EY2', 'T', 'ER0']]","[['K', 'R', 'AA1', 'K', 'AH0', 'D', 'AY2', 'L']]",1
823316253,"crocodile","zebra","[['K', 'R', 'AA1', 'K', 'AH0', 'D', 'AY2', 'L']]","[['Z', 'IY1', 'B', 'R', 'AH0']]",1
823316253,"zebra","horse","[['Z', 'IY1', 'B', 'R', 'AH0']]","[['HH', 'AO1', 'R', 'S']]",1
823316253,"horse","rooster","[['HH', 'AO1', 'R', 'S']]","[['R', 'UW1', 'S', 'T', 'ER0']]",1
823316253,"rooster","chicken","[['R', 'UW1', 'S', 'T', 'ER0']]","[['CH', 'IH1', 'K', 'AH0', 'N']]",0
823316253,"chicken","pony","[['CH', 'IH1', 'K', 'AH0', 'N']]","[['P', 'OW1', 'N', 'IY0']]",1
704925696,"penguin","snake","[['P', 'EH1', 'NG', 'G', 'W', 'AH0', 'N']]","[['S', 'N', 'EY1', 'K']]",1
704925696,"snake","elephant","[['S', 'N', 'EY1', 'K']]","[['EH1', 'L', 'AH0', 'F', 'AH0', 'N', 'T']]",1
704925696,"elephant","giraffe","[['EH1', 'L', 'AH0', 'F', 'AH0', 'N', 'T']]","[['JH', 'ER0', 'AE1', 'F']]",1
704925696,"giraffe","dog","[['JH', 'ER0', 'AE1', 'F']]","[['D', 'AO1', 'G']]",0
704925696,"dog","cat","[['D', 'AO1', 'G']]","[['K', 'AE1', 'T']]",0
704925696,"cat","gorilla","[['K', 'AE1', 'T']]","[['G', 'ER0', 'IH1', 'L', 'AH0']]",0
704925696,"gorilla","chimp","[['G', 'ER0', 'IH1', 'L', 'AH0']]","[['CH', 'IH1', 'M', 'P']]",1
704925696,"chimp","ape","[['CH', 'IH1', 'M', 'P']]","[['EY1', 'P']]",1
704925696,"ape","insect","[['EY1', 'P']]","[['IH1', 'N', 'S', 'EH2', 'K', 'T']]",0
704925696,"insect","butterfly","[['IH1', 'N', 'S', 'EH2', 'K', 'T']]","[['B', 'AH1', 'T', 'ER0', 'F', 'L', 'AY2']]",1
704925696,"butterfly","ladybug","[['B', 'AH1', 'T', 'ER0', 'F', 'L', 'AY2']]","[['L', 'EY1', 'D', 'IY0', 'B', 'AH2', 'G']]",2
704925696,"ladybug","beetle","[['L', 'EY1', 'D', 'IY0', 'B', 'AH2', 'G']]","[['B', 'IY1', 'T', 'AH0', 'L']]",1
704925696,"beetle","beetle","[['B', 'IY1', 'T', 'AH0', 'L']]","[['B', 'IY1', 'T', 'AH0', 'L']]",5
704925696,"beetle","worm","[['B', 'IY1', 'T', 'AH0', 'L']]","[['W', 'ER1', 'M']]",0
704925696,"worm","ant","[['W', 'ER1', 'M']]","[['AE1', 'N', 'T']]",0
704925696,"ant","ant","[['AE1', 'N', 'T']]","[['AE1', 'N', 'T']]",3
704925696,"ant","lizard","[['AE1', 'N', 'T']]","[['L', 'IH1', 'Z', 'ER0', 'D']]",0
704925696,"lizard","anteater","[['L', 'IH1', 'Z', 'ER0', 'D']]","[['AE1', 'N', 'T', 'IY2', 'T', 'ER0']]",1
704925696,"anteater","human","[['AE1', 'N', 'T', 'IY2', 'T', 'ER0']]","[['HH', 'Y', 'UW1', 'M', 'AH0', 'N'], ['Y', 'UW1', 'M', 'AH0', 'N']]",1
704925696,"human","robin","[['HH', 'Y', 'UW1', 'M', 'AH0', 'N'], ['Y', 'UW1', 'M', 'AH0', 'N']]","[['R', 'AA1', 'B', 'AH0', 'N'], ['R', 'AA1', 'B', 'IH0', 'N']]",2
704925696,"robin","cardinal","[['R', 'AA1', 'B', 'AH0', 'N'], ['R', 'AA1', 'B', 'IH0', 'N']]","[['K', 'AA1', 'R', 'D', 'AH0', 'N', 'AH0', 'L'], ['K', 'AA1', 'R', 'D', 'IH0', 'N', 'AH0', 'L']]",2
704925696,"cardinal","bluejay","[['K', 'AA1', 'R', 'D', 'AH0', 'N', 'AH0', 'L'], ['K', 'AA1', 'R', 'D', 'IH0', 'N', 'AH0', 'L']]","[['B', 'L', 'UW1', 'JH', 'EY2']]",1
642390232,"lion","tiger","[['L', 'AY1', 'AH0', 'N']]","[['T', 'AY1', 'G', 'ER0']]",1
642390232,"tiger","monkey","[['T', 'AY1', 'G', 'ER0']]","[['M', 'AH1', 'NG', 'K', 'IY0']]",0
642390232,"monkey","baboon","[['M', 'AH1', 'NG', 'K', 'IY0']]","[['B', 'AH0', 'B', 'UW1', 'N']]",1
642390232,"baboon","giraffe","[['B', 'AH0', 'B', 'UW1', 'N']]","[['JH', 'ER0', 'AE1', 'F']]",0
642390232,"giraffe","elephant","[['JH', 'ER0', 'AE1', 'F']]","[['EH1', 'L', 'AH0', 'F', 'AH0', 'N', 'T']]",1
642390232,"elephant","buffalo","[['EH1', 'L', 'AH0', 'F', 'AH0', 'N', 'T']]","[['B', 'AH1', 'F', 'AH0', 'L', 'OW2']]",3
642390232,"buffalo","polar","[['B', 'AH1', 'F', 'AH0', 'L', 'OW2']]","[['P', 'OW1', 'L', 'ER0']]",1
642390232,"polar","bear","[['P', 'OW1', 'L', 'ER0']]","[['B', 'EH1', 'R']]",0
642390232,"bear","grizzly","[['B', 'EH1', 'R']]","[['G', 'R', 'IH1', 'Z', 'L', 'IY0']]",1
642390232,"grizzly","duck","[['G', 'R', 'IH1', 'Z', 'L', 'IY0']]","[['D', 'AH1', 'K']]",0
642390232,"duck","crocodile","[['D', 'AH1', 'K']]","[['K', 'R', 'AA1', 'K', 'AH0', 'D', 'AY2', 'L']]",1
642390232,"crocodile","alligator","[['K', 'R', 'AA1', 'K', 'AH0', 'D', 'AY2', 'L']]","[['AE1', 'L', 'AH0', 'G', 'EY2', 'T', 'ER0']]",1
642390232,"alligator","crocodile","[['AE1', 'L', 'AH0', 'G', 'EY2', 'T', 'ER0']]","[['K', 'R', 'AA1', 'K', 'AH0', 'D', 'AY2', 'L']]",1
642390232,"crocodile","girdle","[['K', 'R', 'AA1', 'K', 'AH0', 'D', 'AY2', 'L']]","[['G', 'ER1', 'D', 'AH0', 'L']]",1
642390232,"girdle","panda","[['G', 'ER1', 'D', 'AH0', 'L']]","[['P', 'AE1', 'N', 'D', 'AH0']]",2
642390232,"panda","sheep","[['P', 'AE1', 'N', 'D', 'AH0']]","[['SH', 'IY1', 'P']]",1
642390232,"sheep","goat","[['SH', 'IY1', 'P']]","[['G', 'OW1', 'T']]",0
642390232,"goat","cow","[['G', 'OW1', 'T']]","[['K', 'AW1']]",0
642390232,"cow","pony","[['K', 'AW1']]","[['P', 'OW1', 'N', 'IY0']]",0
642390232,"pony","horse","[['P', 'OW1', 'N', 'IY0']]","[['HH', 'AO1', 'R', 'S']]",0
443681266,"dog","cat","[['D', 'AO1', 'G']]","[['K', 'AE1', 'T']]",0
443681266,"cat","fish","[['K', 'AE1', 'T']]","[['F', 'IH1', 'SH']]",0
443681266,"fish","elephant","[['F', 'IH1', 'SH']]","[['EH1', 'L', 'AH0', 'F', 'AH0', 'N', 'T']]",1
443681266,"elephant","cheetah","[['EH1', 'L', 'AH0', 'F', 'AH0', 'N', 'T']]","[['CH', 'IY1', 'T', 'AH0']]",1
443681266,"cheetah","tiger","[['CH', 'IY1', 'T', 'AH0']]","[['T', 'AY1', 'G', 'ER0']]",1
443681266,"tiger","lion","[['T', 'AY1', 'G', 'ER0']]","[['L', 'AY1', 'AH0', 'N']]",1
443681266,"lion","polar","[['L', 'AY1', 'AH0', 'N']]","[['P', 'OW1', 'L', 'ER0']]",1
443681266,"polar","turtle","[['P', 'OW1', 'L', 'ER0']]","[['T', 'ER1', 'T', 'AH0', 'L']]",1
443681266,"turtle","penguin","[['T', 'ER1', 'T', 'AH0', 'L']]","[['P', 'EH1', 'NG', 'G', 'W', 'AH0', 'N']]",1
443681266,"penguin","giraffe","[['P', 'EH1', 'NG', 'G', 'W', 'AH0', 'N']]","[['JH', 'ER0', 'AE1', 'F']]",0
443681266,"giraffe","hamster","[['JH', 'ER0', 'AE1', 'F']]","[['HH', 'AE1', 'M', 'S', 'T', 'ER0']]",1
443681266,"hamster","gerbil","[['HH', 'AE1', 'M', 'S', 'T', 'ER0']]","[['JH', 'IY1', 'ER1', 'B', 'IH1', 'L']]",1
443681266,"gerbil","squirrel","[['JH', 'IY1', 'ER1', 'B', 'IH1', 'L']]","[['S', 'K', 'W', 'ER1', 'AH0', 'L']]",1
443681266,"squirrel","rabbit","[['S', 'K', 'W', 'ER1', 'AH0', 'L']]","[['R', 'AE1', 'B', 'AH0', 'T'], ['R', 'AE1', 'B', 'IH0', 'T']]",1
443681266,"rabbit","coyote","[['R', 'AE1', 'B', 'AH0', 'T'], ['R', 'AE1', 'B', 'IH0', 'T']]","[['K', 'AY0', 'OW1', 'T', 'IY0'], ['K', 'AY1', 'OW0', 'T']]",1
443681266,"coyote","deer","[['K', 'AY0', 'OW1', 'T', 'IY0'], ['K', 'AY1', 'OW0', 'T']]","[['D', 'IH1', 'R']]",0
443681266,"deer","walrus","[['D', 'IH1', 'R']]","[['W', 'AO1', 'L', 'R', 'AH0', 'S']]",1
443681266,"walrus","eel","[['W', 'AO1', 'L', 'R', 'AH0', 'S']]","[['IY1', 'L']]",1
600164385,"dog","cat","[['D', 'AO1', 'G']]","[['K', 'AE1', 'T']]",0
600164385,"cat","fish","[['K', 'AE1', 'T']]","[['F', 'IH1', 'SH']]",0
600164385,"fish","jellyfish","[['F', 'IH1', 'SH']]","[['JH', 'EH1', 'L', 'IY0', 'F', 'IH2', 'SH']]",3
600164385,"jellyfish","shark","[['JH', 'EH1', 'L', 'IY0', 'F', 'IH2', 'SH']]","[['SH', 'AA1', 'R', 'K']]",1
600164385,"shark","kangaroo","[['SH', 'AA1', 'R', 'K']]","[['K', 'AE2', 'NG', 'G', 'ER0', 'UW1']]",1
600164385,"kangaroo","camel","[['K', 'AE2', 'NG', 'G', 'ER0', 'UW1']]","[['K', 'AE1', 'M', 'AH0', 'L']]",2
600164385,"camel","alligator","[['K', 'AE1', 'M', 'AH0', 'L']]","[['AE1', 'L', 'AH0', 'G', 'EY2', 'T', 'ER0']]",1
600164385,"alligator","leopard","[['AE1', 'L', 'AH0', 'G', 'EY2', 'T', 'ER0']]","[['L', 'EH1', 'P', 'ER0', 'D']]",1
600164385,"leopard","penguin","[['L', 'EH1', 'P', 'ER0', 'D']]","[['P', 'EH1', 'NG', 'G', 'W', 'AH0', 'N']]",1
600164385,"penguin","polar","[['P', 'EH1', 'NG', 'G', 'W', 'AH0', 'N']]","[['P', 'OW1', 'L', 'ER0']]",1
600164385,"polar","bear","[['P', 'OW1', 'L', 'ER0']]","[['B', 'EH1', 'R']]",0
600164385,"bear","bear","[['B', 'EH1', 'R']]","[['B', 'EH1', 'R']]",3
600164385,"bear","antelope","[['B', 'EH1', 'R']]","[['AE1', 'N', 'T', 'AH0', 'L', 'OW2', 'P']]",0
600164385,"antelope","anteater","[['AE1', 'N', 'T', 'AH0', 'L', 'OW2', 'P']]","[['AE1', 'N', 'T', 'IY2', 'T', 'ER0']]",3
600164385,"anteater","lizard","[['AE1', 'N', 'T', 'IY2', 'T', 'ER0']]","[['L', 'IH1', 'Z', 'ER0', 'D']]",1
600164385,"lizard","flamingo","[['L', 'IH1', 'Z', 'ER0', 'D']]","[['F', 'L', 'AH0', 'M', 'IH1', 'NG', 'G', 'OW0']]",1
600164385,"flamingo","bird","[['F', 'L', 'AH0', 'M', 'IH1', 'NG', 'G', 'OW0']]","[['B', 'ER1', 'D']]",0
600164385,"bird","peacock","[['B', 'ER1', 'D']]","[['P', 'IY1', 'K', 'AA2', 'K']]",0
600164385,"peacock","monkey","[['P', 'IY1', 'K', 'AA2', 'K']]","[['M', 'AH1', 'NG', 'K', 'IY0']]",1
600164385,"monkey","chimp","[['M', 'AH1', 'NG', 'K', 'IY0']]","[['CH', 'IH1', 'M', 'P']]",1
600164385,"chimp","lion","[['CH', 'IH1', 'M', 'P']]","[['L', 'AY1', 'AH0', 'N']]",0
600164385,"lion","tiger","[['L', 'AY1', 'AH0', 'N']]","[['T', 'AY1', 'G', 'ER0']]",1
600164385,"tiger","crocodile","[['T', 'AY1', 'G', 'ER0']]","[['K', 'R', 'AA1', 'K', 'AH0', 'D', 'AY2', 'L']]",1
256739546,"lion","tiger","[['L', 'AY1', 'AH0', 'N']]","[['T', 'AY1', 'G', 'ER0']]",1
256739546,"tiger","flamingo","[['T', 'AY1', 'G', 'ER0']]","[['F', 'L', 'AH0', 'M', 'IH1', 'NG', 'G', 'OW0']]",1
256739546,"flamingo","monkey","[['F', 'L', 'AH0', 'M', 'IH1', 'NG', 'G', 'OW0']]","[['M', 'AH1', 'NG', 'K', 'IY0']]",1
256739546,"monkey","parrot","[['M', 'AH1', 'NG', 'K', 'IY0']]","[['P', 'EH1', 'R', 'AH0', 'T']]",1
256739546,"parrot","ferret","[['P', 'EH1', 'R', 'AH0', 'T']]","[['F', 'EH1', 'R', 'AH0', 'T']]",4
256739546,"ferret","cat","[['F', 'EH1', 'R', 'AH0', 'T']]","[['K', 'AE1', 'T']]",1
256739546,"cat","dog","[['K', 'AE1', 'T']]","[['D', 'AO1', 'G']]",0
256739546,"dog","fish","[['D', 'AO1', 'G']]","[['F', 'IH1', 'SH']]",0
256739546,"fish","chimp","[['F', 'IH1', 'SH']]","[['CH', 'IH1', 'M', 'P']]",1
256739546,"chimp","squirrel","[['CH', 'IH1', 'M', 'P']]","[['S', 'K', 'W', 'ER1', 'AH0', 'L']]",0
256739546,"squirrel","zebra","[['S', 'K', 'W', 'ER1', 'AH0', 'L']]","[['Z', 'IY1', 'B', 'R', 'AH0']]",1
256739546,"zebra","elephant","[['Z', 'IY1', 'B', 'R', 'AH0']]","[['EH1', 'L', 'AH0', 'F', 'AH0', 'N', 'T']]",1
256739546,"elephant","jaguar","[['EH1', 'L', 'AH0', 'F', 'AH0', 'N', 'T']]","[['JH', 'AE1', 'G', 'W', 'AA2', 'R']]",0
256739546,"jaguar","cheetah","[['JH', 'AE1', 'G', 'W', 'AA2', 'R']]","[['CH', 'IY1', 'T', 'AH0']]",0
256739546,"cheetah","rhino","[['CH', 'IY1', 'T', 'AH0']]","[['R', 'AY1', 'N', 'OW2']]",0
256739546,"rhino","panda","[['R', 'AY1', 'N', 'OW2']]","[['P', 'AE1', 'N', 'D', 'AH0']]",1
256739546,"panda","koala","[['P', 'AE1', 'N', 'D', 'AH0']]","[['K', 'OW0', 'AA1', 'L', 'AH0']]",1
256739546,"koala","anteater","[['K', 'OW0', 'AA1', 'L', 'AH0']]","[['AE1', 'N', 'T', 'IY2', 'T', 'ER0']]",0
256739546,"anteater","beaver","[['AE1', 'N', 'T', 'IY2', 'T', 'ER0']]","[['B', 'IY1', 'V', 'ER0']]",1
256739546,"beaver","porcupine","[['B', 'IY1', 'V', 'ER0']]","[['P', 'AO1', 'R', 'K', 'Y', 'AH0', 'P', 'AY2', 'N']]",0
256739546,"porcupine","armadillo","[['P', 'AO1', 'R', 'K', 'Y', 'AH0', 'P', 'AY2', 'N']]","[['AA2', 'R', 'M', 'AH0', 'D', 'IH1', 'L', 'OW0']]",1
256739546,"armadillo","zebra","[['AA2', 'R', 'M', 'AH0', 'D', 'IH1', 'L', 'OW0']]","[['Z', 'IY1', 'B', 'R', 'AH0']]",1
174575632,"chihuahua","terrier","[['CH', 'AH0', 'W', 'AA1', 'W', 'AA2'], ['CH', 'IY2', 'W', 'AA1', 'W', 'AH0']]","[['T', 'EH1', 'R', 'IY0', 'ER0']]",0
174575632,"terrier","cat","[['T', 'EH1', 'R', 'IY0', 'ER0']]","[['K', 'AE1', 'T']]",1
174575632,"cat","dog","[['K', 'AE1', 'T']]","[['D', 'AO1', 'G']]",0
174575632,"dog","bird","[['D', 'AO1', 'G']]","[['B', 'ER1', 'D']]",1
174575632,"bird","parakeet","[['B', 'ER1', 'D']]","[['P', 'EH1', 'R', 'AH0', 'K', 'IY2', 'T']]",0
174575632,"parakeet","pelican","[['P', 'EH1', 'R', 'AH0', 'K', 'IY2', 'T']]","[['P', 'EH1', 'L', 'AH0', 'K', 'AH0', 'N']]",2
174575632,"pelican","parrot","[['P', 'EH1', 'L', 'AH0', 'K', 'AH0', 'N']]","[['P', 'EH1', 'R', 'AH0', 'T']]",2
174575632,"parrot","pelican","[['P', 'EH1', 'R', 'AH0', 'T']]","[['P', 'EH1', 'L', 'AH0', 'K', 'AH0', 'N']]",2
174575632,"pelican","trex","[['P', 'EH1', 'L', 'AH0', 'K', 'AH0', 'N']]","[['T', 'R', 'EY1', 'EH1', 'K', 'S']]",1
174575632,"trex","koala","[['T', 'R', 'EY1', 'EH1', 'K', 'S']]","[['K', 'OW0', 'AA1', 'L', 'AH0']]",1
174575632,"koala","kangaroo","[['K', 'OW0', 'AA1', 'L', 'AH0']]","[['K', 'AE2', 'NG', 'G', 'ER0', 'UW1']]",1
174575632,"kangaroo","giraffe","[['K', 'AE2', 'NG', 'G', 'ER0', 'UW1']]","[['JH', 'ER0', 'AE1', 'F']]",1
174575632,"giraffe","elephant","[['JH', 'ER0', 'AE1', 'F']]","[['EH1', 'L', 'AH0', 'F', 'AH0', 'N', 'T']]",1
174575632,"elephant","tiger","[['EH1', 'L', 'AH0', 'F', 'AH0', 'N', 'T']]","[['T', 'AY1', 'G', 'ER0']]",1
174575632,"tiger","zebra","[['T', 'AY1', 'G', 'ER0']]","[['Z', 'IY1', 'B', 'R', 'AH0']]",0
174575632,"zebra","lice","[['Z', 'IY1', 'B', 'R', 'AH0']]","[['L', 'AY1', 'S']]",0
174575632,"lice","stickbug","[['L', 'AY1', 'S']]","[['S', 'T', 'IH1', 'K', 'B', 'AH1', 'G']]",1
174575632,"stickbug","stinkbug","[['S', 'T', 'IH1', 'K', 'B', 'AH1', 'G']]","[['S', 'T', 'IH1', 'NG', 'K', 'B', 'AH0', 'G']]",4
174575632,"stinkbug","beetle","[['S', 'T', 'IH1', 'NG', 'K', 'B', 'AH0', 'G']]","[['B', 'IY1', 'T', 'AH0', 'L']]",1
787839024,"tiger","dolphin","[['T', 'AY1', 'G', 'ER0']]","[['D', 'AA1', 'L', 'F', 'AH0', 'N']]",0
787839024,"dolphin","lion","[['D', 'AA1', 'L', 'F', 'AH0', 'N']]","[['L', 'AY1', 'AH0', 'N']]",2
787839024,"lion","penguin","[['L', 'AY1', 'AH0', 'N']]","[['P', 'EH1', 'NG', 'G', 'W', 'AH0', 'N']]",2
787839024,"penguin","flamingo","[['P', 'EH1', 'NG', 'G', 'W', 'AH0', 'N']]","[['F', 'L', 'AH0', 'M', 'IH1', 'NG', 'G', 'OW0']]",2
787839024,"flamingo","seagull","[['F', 'L', 'AH0', 'M', 'IH1', 'NG', 'G', 'OW0']]","[['S', 'IY1', 'G', 'AH2', 'L']]",1
787839024,"seagull","pigeon","[['S', 'IY1', 'G', 'AH2', 'L']]","[['P', 'IH1', 'JH', 'AH0', 'N'], ['P', 'IH1', 'JH', 'IH0', 'N']]",1
787839024,"pigeon","woodpecker","[['P', 'IH1', 'JH', 'AH0', 'N'], ['P', 'IH1', 'JH', 'IH0', 'N']]","[['W', 'UH1', 'D', 'P', 'EH2', 'K', 'ER0']]",1
787839024,"woodpecker","iguana","[['W', 'UH1', 'D', 'P', 'EH2', 'K', 'ER0']]","[['AY0', 'G', 'W', 'AA1', 'N', 'AH0']]",1
787839024,"iguana","snake","[['AY0', 'G', 'W', 'AA1', 'N', 'AH0']]","[['S', 'N', 'EY1', 'K']]",1
787839024,"snake","snail","[['S', 'N', 'EY1', 'K']]","[['S', 'N', 'EY1', 'L']]",3
787839024,"snail","notsnails","[['S', 'N', 'EY1', 'L']]","[['N', 'AA1', 'T', 'S', 'N', 'EY1', 'L', 'Z']]",4
787839024,"notsnails","goldfish","[['N', 'AA1', 'T', 'S', 'N', 'EY1', 'L', 'Z']]","[['G', 'OW1', 'L', 'D', 'F', 'IH2', 'SH']]",1
787839024,"goldfish","clownfish","[['G', 'OW1', 'L', 'D', 'F', 'IH2', 'SH']]","[['K', 'L', 'AW1', 'N', 'F', 'IH1', 'SH']]",3
787839024,"clownfish","dog","[['K', 'L', 'AW1', 'N', 'F', 'IH1', 'SH']]","[['D', 'AO1', 'G']]",0
787839024,"dog","cat","[['D', 'AO1', 'G']]","[['K', 'AE1', 'T']]",0
787839024,"cat","gerbil","[['K', 'AE1', 'T']]","[['JH', 'IY1', 'ER1', 'B', 'IH1', 'L']]",0
787839024,"gerbil","snake","[['JH', 'IY1', 'ER1', 'B', 'IH1', 'L']]","[['S', 'N', 'EY1', 'K']]",0
787839024,"snake","hamster","[['S', 'N', 'EY1', 'K']]","[['HH', 'AE1', 'M', 'S', 'T', 'ER0']]",1
787839024,"hamster","rabbit","[['HH', 'AE1', 'M', 'S', 'T', 'ER0']]","[['R', 'AE1', 'B', 'AH0', 'T'], ['R', 'AE1', 'B', 'IH0', 'T']]",1
787839024,"rabbit","reptile","[['R', 'AE1', 'B', 'AH0', 'T'], ['R', 'AE1', 'B', 'IH0', 'T']]","[['R', 'EH1', 'P', 'T', 'AY0', 'L']]",1
787839024,"reptile","polar","[['R', 'EH1', 'P', 'T', 'AY0', 'L']]","[['P', 'OW1', 'L', 'ER0']]",1
787839024,"polar","grizzly","[['P', 'OW1', 'L', 'ER0']]","[['G', 'R', 'IH1', 'Z', 'L', 'IY0']]",1
787839024,"grizzly","bear","[['G', 'R', 'IH1', 'Z', 'L', 'IY0']]","[['B', 'EH1', 'R']]",1
787839024,"bear","hedgehog","[['B', 'EH1', 'R']]","[['HH', 'EH1', 'JH', 'HH', 'AA2', 'G']]",1
787839024,"hedgehog","porcupine","[['HH', 'EH1', 'JH', 'HH', 'AA2', 'G']]","[['P', 'AO1', 'R', 'K', 'Y', 'AH0', 'P', 'AY2', 'N']]",0
787839024,"porcupine","dinosaur","[['P', 'AO1', 'R', 'K', 'Y', 'AH0', 'P', 'AY2', 'N']]","[['D', 'AY1', 'N', 'AH0', 'S', 'AO2', 'R']]",2
706477239,"cow","pig","[['K', 'AW1']]","[['P', 'IH1', 'G']]",0
706477239,"pig","dog","[['P', 'IH1', 'G']]","[['D', 'AO1', 'G']]",1
706477239,"dog","cat","[['D', 'AO1', 'G']]","[['K', 'AE1', 'T']]",0
706477239,"cat","fish","[['K', 'AE1', 'T']]","[['F', 'IH1', 'SH']]",0
706477239,"fish","bird","[['F', 'IH1', 'SH']]","[['B', 'ER1', 'D']]",0
706477239,"bird","horse","[['B', 'ER1', 'D']]","[['HH', 'AO1', 'R', 'S']]",0
706477239,"horse","elephant","[['HH', 'AO1', 'R', 'S']]","[['EH1', 'L', 'AH0', 'F', 'AH0', 'N', 'T']]",0
706477239,"elephant","tiger","[['EH1', 'L', 'AH0', 'F', 'AH0', 'N', 'T']]","[['T', 'AY1', 'G', 'ER0']]",1
706477239,"tiger","cheetah","[['T', 'AY1', 'G', 'ER0']]","[['CH', 'IY1', 'T', 'AH0']]",1
706477239,"cheetah","penguin","[['CH', 'IY1', 'T', 'AH0']]","[['P', 'EH1', 'NG', 'G', 'W', 'AH0', 'N']]",1
706477239,"penguin","fish","[['P', 'EH1', 'NG', 'G', 'W', 'AH0', 'N']]","[['F', 'IH1', 'SH']]",0
706477239,"fish","shark","[['F', 'IH1', 'SH']]","[['SH', 'AA1', 'R', 'K']]",1
706477239,"shark","dolphin","[['SH', 'AA1', 'R', 'K']]","[['D', 'AA1', 'L', 'F', 'AH0', 'N']]",1
706477239,"dolphin","whale","[['D', 'AA1', 'L', 'F', 'AH0', 'N']]","[['W', 'EY1', 'L'], ['HH', 'W', 'EY1', 'L']]",1
706477239,"whale","ant","[['W', 'EY1', 'L'], ['HH', 'W', 'EY1', 'L']]","[['AE1', 'N', 'T']]",0
706477239,"ant","centipede","[['AE1', 'N', 'T']]","[['S', 'EH1', 'N', 'T', 'IH0', 'P', 'IY2', 'D']]",2
706477239,"centipede","millipede","[['S', 'EH1', 'N', 'T', 'IH0', 'P', 'IY2', 'D']]","[['M', 'IH1', 'L', 'IY0', 'P', 'IY1', 'IY1', 'D']]",2
706477239,"millipede","lizard","[['M', 'IH1', 'L', 'IY0', 'P', 'IY1', 'IY1', 'D']]","[['L', 'IH1', 'Z', 'ER0', 'D']]",1
706477239,"lizard","iguana","[['L', 'IH1', 'Z', 'ER0', 'D']]","[['AY0', 'G', 'W', 'AA1', 'N', 'AH0']]",0
706477239,"iguana","snake","[['AY0', 'G', 'W', 'AA1', 'N', 'AH0']]","[['S', 'N', 'EY1', 'K']]",1
706477239,"snake","mouse","[['S', 'N', 'EY1', 'K']]","[['M', 'AW1', 'S']]",1
706477239,"mouse","rat","[['M', 'AW1', 'S']]","[['R', 'AE1', 'T']]",0
706477239,"rat","parrot","[['R', 'AE1', 'T']]","[['P', 'EH1', 'R', 'AH0', 'T']]",1
706477239,"parrot","worm","[['P', 'EH1', 'R', 'AH0', 'T']]","[['W', 'ER1', 'M']]",0
706477239,"worm","elephant","[['W', 'ER1', 'M']]","[['EH1', 'L', 'AH0', 'F', 'AH0', 'N', 'T']]",0
706477239,"elephant","monkey","[['EH1', 'L', 'AH0', 'F', 'AH0', 'N', 'T']]","[['M', 'AH1', 'NG', 'K', 'IY0']]",1
706477239,"monkey","gorilla","[['M', 'AH1', 'NG', 'K', 'IY0']]","[['G', 'ER0', 'IH1', 'L', 'AH0']]",1
663737401,"bear","tiger","[['B', 'EH1', 'R']]","[['T', 'AY1', 'G', 'ER0']]",0
663737401,"tiger","rabbit","[['T', 'AY1', 'G', 'ER0']]","[['R', 'AE1', 'B', 'AH0', 'T'], ['R', 'AE1', 'B', 'IH0', 'T']]",1
663737401,"rabbit","hamster","[['R', 'AE1', 'B', 'AH0', 'T'], ['R', 'AE1', 'B', 'IH0', 'T']]","[['HH', 'AE1', 'M', 'S', 'T', 'ER0']]",1
663737401,"hamster","gerbil","[['HH', 'AE1', 'M', 'S', 'T', 'ER0']]","[['JH', 'IY1', 'ER1', 'B', 'IH1', 'L']]",1
663737401,"gerbil","bird","[['JH', 'IY1', 'ER1', 'B', 'IH1', 'L']]","[['B', 'ER1', 'D']]",1
663737401,"bird","tiger","[['B', 'ER1', 'D']]","[['T', 'AY1', 'G', 'ER0']]",1
663737401,"tiger","dolphin","[['T', 'AY1', 'G', 'ER0']]","[['D', 'AA1', 'L', 'F', 'AH0', 'N']]",0
663737401,"dolphin","seal","[['D', 'AA1', 'L', 'F', 'AH0', 'N']]","[['S', 'IY1', 'L']]",1
663737401,"seal","horse","[['S', 'IY1', 'L']]","[['HH', 'AO1', 'R', 'S']]",1
663737401,"horse","kangaroo","[['HH', 'AO1', 'R', 'S']]","[['K', 'AE2', 'NG', 'G', 'ER0', 'UW1']]",0
663737401,"kangaroo","cheetah","[['K', 'AE2', 'NG', 'G', 'ER0', 'UW1']]","[['CH', 'IY1', 'T', 'AH0']]",0
663737401,"cheetah","zebra","[['CH', 'IY1', 'T', 'AH0']]","[['Z', 'IY1', 'B', 'R', 'AH0']]",1
663737401,"zebra","ostrich","[['Z', 'IY1', 'B', 'R', 'AH0']]","[['AO1', 'S', 'T', 'R', 'IH0', 'CH']]",1
663737401,"ostrich","rhino","[['AO1', 'S', 'T', 'R', 'IH0', 'CH']]","[['R', 'AY1', 'N', 'OW2']]",1
663737401,"rhino","hippo","[['R', 'AY1', 'N', 'OW2']]","[['HH', 'IH1', 'P', 'OW0']]",1
663737401,"hippo","whale","[['HH', 'IH1', 'P', 'OW0']]","[['W', 'EY1', 'L'], ['HH', 'W', 'EY1', 'L']]",0
663737401,"whale","jaguar","[['W', 'EY1', 'L'], ['HH', 'W', 'EY1', 'L']]","[['JH', 'AE1', 'G', 'W', 'AA2', 'R']]",1
663737401,"jaguar","dog","[['JH', 'AE1', 'G', 'W', 'AA2', 'R']]","[['D', 'AO1', 'G']]",1
663737401,"dog","cat","[['D', 'AO1', 'G']]","[['K', 'AE1', 'T']]",0
663737401,"cat","monkey","[['K', 'AE1', 'T']]","[['M', 'AH1', 'NG', 'K', 'IY0']]",1
663737401,"monkey","alligator","[['M', 'AH1', 'NG', 'K', 'IY0']]","[['AE1', 'L', 'AH0', 'G', 'EY2', 'T', 'ER0']]",1
663737401,"alligator","crocodile","[['AE1', 'L', 'AH0', 'G', 'EY2', 'T', 'ER0']]","[['K', 'R', 'AA1', 'K', 'AH0', 'D', 'AY2', 'L']]",1
663737401,"crocodile","toucan","[['K', 'R', 'AA1', 'K', 'AH0', 'D', 'AY2', 'L']]","[['T', 'UW1', 'Y', 'UW1', 'K', 'AE1', 'N'], ['T', 'UW1', 'Y', 'UW1', 'K', 'AH0', 'N'], ['T', 'IH0', 'Y', 'UW1', 'K', 'AE1', 'N'], ['T', 'IH0', 'Y', 'UW1', 'K', 'AH0', 'N'], ['T', 'AH0', 'Y', 'UW1', 'K', 'AE1', 'N'], ['T', 'AH0', 'Y', 'UW1', 'K', 'AH0', 'N']]",1
836762645,"horse","puppy","[['HH', 'AO1', 'R', 'S']]","[['P', 'AH1', 'P', 'IY0']]",0
836762645,"puppy","dog","[['P', 'AH1', 'P', 'IY0']]","[['D', 'AO1', 'G']]",0
836762645,"dog","pig","[['D', 'AO1', 'G']]","[['P', 'IH1', 'G']]",1
836762645,"pig","donkey","[['P', 'IH1', 'G']]","[['D', 'AA1', 'NG', 'K', 'IY0'], ['D', 'AO1', 'NG', 'K', 'IY0']]",0
836762645,"donkey","mule","[['D', 'AA1', 'NG', 'K', 'IY0'], ['D', 'AO1', 'NG', 'K', 'IY0']]","[['M', 'Y', 'UW1', 'L']]",0
836762645,"mule","goose","[['M', 'Y', 'UW1', 'L']]","[['G', 'UW1', 'S']]",1
836762645,"goose","duck","[['G', 'UW1', 'S']]","[['D', 'AH1', 'K']]",0
836762645,"duck","fish","[['D', 'AH1', 'K']]","[['F', 'IH1', 'SH']]",0
836762645,"fish","cheetah","[['F', 'IH1', 'SH']]","[['CH', 'IY1', 'T', 'AH0']]",0
836762645,"cheetah","lion","[['CH', 'IY1', 'T', 'AH0']]","[['L', 'AY1', 'AH0', 'N']]",1
836762645,"lion","leopard","[['L', 'AY1', 'AH0', 'N']]","[['L', 'EH1', 'P', 'ER0', 'D']]",1
836762645,"leopard","jaguar","[['L', 'EH1', 'P', 'ER0', 'D']]","[['JH', 'AE1', 'G', 'W', 'AA2', 'R']]",0
836762645,"jaguar","monkey","[['JH', 'AE1', 'G', 'W', 'AA2', 'R']]","[['M', 'AH1', 'NG', 'K', 'IY0']]",0
836762645,"monkey","gorilla","[['M', 'AH1', 'NG', 'K', 'IY0']]","[['G', 'ER0', 'IH1', 'L', 'AH0']]",1
836762645,"gorilla","ape","[['G', 'ER0', 'IH1', 'L', 'AH0']]","[['EY1', 'P']]",0
836762645,"ape","snake","[['EY1', 'P']]","[['S', 'N', 'EY1', 'K']]",1
836762645,"snake","bee","[['S', 'N', 'EY1', 'K']]","[['B', 'IY1']]",0
74803396,"zebra","tiger","[['Z', 'IY1', 'B', 'R', 'AH0']]","[['T', 'AY1', 'G', 'ER0']]",0
74803396,"tiger","lizard","[['T', 'AY1', 'G', 'ER0']]","[['L', 'IH1', 'Z', 'ER0', 'D']]",1
74803396,"lizard","snake","[['L', 'IH1', 'Z', 'ER0', 'D']]","[['S', 'N', 'EY1', 'K']]",0
74803396,"snake","koala","[['S', 'N', 'EY1', 'K']]","[['K', 'OW0', 'AA1', 'L', 'AH0']]",1
74803396,"koala","shark","[['K', 'OW0', 'AA1', 'L', 'AH0']]","[['SH', 'AA1', 'R', 'K']]",1
74803396,"shark","fish","[['SH', 'AA1', 'R', 'K']]","[['F', 'IH1', 'SH']]",1
74803396,"fish","rainbow","[['F', 'IH1', 'SH']]","[['R', 'EY1', 'N', 'B', 'OW2']]",0
74803396,"rainbow","bunny","[['R', 'EY1', 'N', 'B', 'OW2']]","[['B', 'AH1', 'N', 'IY0']]",1
74803396,"bunny","dog","[['B', 'AH1', 'N', 'IY0']]","[['D', 'AO1', 'G']]",0
74803396,"dog","cat","[['D', 'AO1', 'G']]","[['K', 'AE1', 'T']]",0
74803396,"cat","hamster","[['K', 'AE1', 'T']]","[['HH', 'AE1', 'M', 'S', 'T', 'ER0']]",1
74803396,"hamster","gopher","[['HH', 'AE1', 'M', 'S', 'T', 'ER0']]","[['G', 'OW1', 'F', 'ER0']]",1
74803396,"gopher","leopard","[['G', 'OW1', 'F', 'ER0']]","[['L', 'EH1', 'P', 'ER0', 'D']]",1
762911839,"dog","cat","[['D', 'AO1', 'G']]","[['K', 'AE1', 'T']]",0
762911839,"cat","lion","[['K', 'AE1', 'T']]","[['L', 'AY1', 'AH0', 'N']]",0
762911839,"lion","tiger","[['L', 'AY1', 'AH0', 'N']]","[['T', 'AY1', 'G', 'ER0']]",1
762911839,"tiger","zebra","[['T', 'AY1', 'G', 'ER0']]","[['Z', 'IY1', 'B', 'R', 'AH0']]",0
762911839,"zebra","chicken","[['Z', 'IY1', 'B', 'R', 'AH0']]","[['CH', 'IH1', 'K', 'AH0', 'N']]",1
762911839,"chicken","fish","[['CH', 'IH1', 'K', 'AH0', 'N']]","[['F', 'IH1', 'SH']]",1
762911839,"fish","giraffe","[['F', 'IH1', 'SH']]","[['JH', 'ER0', 'AE1', 'F']]",1
762911839,"giraffe","wolf","[['JH', 'ER0', 'AE1', 'F']]","[['W', 'UH1', 'L', 'F']]",1
762911839,"wolf","mouse","[['W', 'UH1', 'L', 'F']]","[['M', 'AW1', 'S']]",0
762911839,"mouse","platypus","[['M', 'AW1', 'S']]","[['P', 'L', 'AE1', 'T', 'AH0', 'P', 'UH2', 'S']]",1
762911839,"platypus","beaver","[['P', 'L', 'AE1', 'T', 'AH0', 'P', 'UH2', 'S']]","[['B', 'IY1', 'V', 'ER0']]",0
762911839,"beaver","duck","[['B', 'IY1', 'V', 'ER0']]","[['D', 'AH1', 'K']]",0
762911839,"duck","goose","[['D', 'AH1', 'K']]","[['G', 'UW1', 'S']]",0
762911839,"goose","bird","[['G', 'UW1', 'S']]","[['B', 'ER1', 'D']]",0
613426003,"dog","cat","[['D', 'AO1', 'G']]","[['K', 'AE1', 'T']]",0
613426003,"cat","horse","[['K', 'AE1', 'T']]","[['HH', 'AO1', 'R', 'S']]",0
613426003,"horse","frog","[['HH', 'AO1', 'R', 'S']]","[['F', 'R', 'AA1', 'G']]",1
613426003,"frog","butterfly","[['F', 'R', 'AA1', 'G']]","[['B', 'AH1', 'T', 'ER0', 'F', 'L', 'AY2']]",1
613426003,"butterfly","cricket","[['B', 'AH1', 'T', 'ER0', 'F', 'L', 'AY2']]","[['K', 'R', 'IH1', 'K', 'AH0', 'T'], ['K', 'R', 'IH1', 'K', 'IH0', 'T']]",2
613426003,"cricket","spider","[['K', 'R', 'IH1', 'K', 'AH0', 'T'], ['K', 'R', 'IH1', 'K', 'IH0', 'T']]","[['S', 'P', 'AY1', 'D', 'ER0']]",0
613426003,"spider","giraffe","[['S', 'P', 'AY1', 'D', 'ER0']]","[['JH', 'ER0', 'AE1', 'F']]",1
613426003,"giraffe","elephant","[['JH', 'ER0', 'AE1', 'F']]","[['EH1', 'L', 'AH0', 'F', 'AH0', 'N', 'T']]",1
613426003,"elephant","rhino","[['EH1', 'L', 'AH0', 'F', 'AH0', 'N', 'T']]","[['R', 'AY1', 'N', 'OW2']]",1
613426003,"rhino","hippo","[['R', 'AY1', 'N', 'OW2']]","[['HH', 'IH1', 'P', 'OW0']]",1
613426003,"hippo","eagle","[['HH', 'IH1', 'P', 'OW0']]","[['IY1', 'G', 'AH0', 'L']]",0
613426003,"eagle","tiger","[['IY1', 'G', 'AH0', 'L']]","[['T', 'AY1', 'G', 'ER0']]",1
613426003,"tiger","lion","[['T', 'AY1', 'G', 'ER0']]","[['L', 'AY1', 'AH0', 'N']]",1
613426003,"lion","bear","[['L', 'AY1', 'AH0', 'N']]","[['B', 'EH1', 'R']]",0
613426003,"bear","polar","[['B', 'EH1', 'R']]","[['P', 'OW1', 'L', 'ER0']]",0
613426003,"polar","dolphin","[['P', 'OW1', 'L', 'ER0']]","[['D', 'AA1', 'L', 'F', 'AH0', 'N']]",1
613426003,"dolphin","penguin","[['D', 'AA1', 'L', 'F', 'AH0', 'N']]","[['P', 'EH1', 'NG', 'G', 'W', 'AH0', 'N']]",2
613426003,"penguin","lizard","[['P', 'EH1', 'NG', 'G', 'W', 'AH0', 'N']]","[['L', 'IH1', 'Z', 'ER0', 'D']]",0
613426003,"lizard","snake","[['L', 'IH1', 'Z', 'ER0', 'D']]","[['S', 'N', 'EY1', 'K']]",0
613426003,"snake","tarantula","[['S', 'N', 'EY1', 'K']]","[['T', 'AH0', 'R', 'AE1', 'N', 'CH', 'UW0', 'L', 'AH0'], ['T', 'AH0', 'R', 'AE1', 'N', 'CH', 'AH0', 'L', 'AH0']]",1
613426003,"tarantula","shark","[['T', 'AH0', 'R', 'AE1', 'N', 'CH', 'UW0', 'L', 'AH0'], ['T', 'AH0', 'R', 'AE1', 'N', 'CH', 'AH0', 'L', 'AH0']]","[['SH', 'AA1', 'R', 'K']]",1
613426003,"shark","lemur","[['SH', 'AA1', 'R', 'K']]","[['L', 'IY1', 'M', 'ER0']]",0
613426003,"lemur","sloth","[['L', 'IY1', 'M', 'ER0']]","[['S', 'L', 'OW1', 'TH']]",1
613426003,"sloth","zebra","[['S', 'L', 'OW1', 'TH']]","[['Z', 'IY1', 'B', 'R', 'AH0']]",0
613426003,"zebra","wildebeest","[['Z', 'IY1', 'B', 'R', 'AH0']]","[['W', 'AY1', 'L', 'D', 'B', 'IY1', 'S', 'T', 'R', 'IY1', 'T'], ['W', 'AY1', 'L', 'D', 'B', 'IY1', 'S', 'EY1', 'N', 'T']]",1
613426003,"wildebeest","deer","[['W', 'AY1', 'L', 'D', 'B', 'IY1', 'S', 'T', 'R', 'IY1', 'T'], ['W', 'AY1', 'L', 'D', 'B', 'IY1', 'S', 'EY1', 'N', 'T']]","[['D', 'IH1', 'R']]",1
613426003,"deer","rabbit","[['D', 'IH1', 'R']]","[['R', 'AE1', 'B', 'AH0', 'T'], ['R', 'AE1', 'B', 'IH0', 'T']]",1
613426003,"rabbit","kangaroo","[['R', 'AE1', 'B', 'AH0', 'T'], ['R', 'AE1', 'B', 'IH0', 'T']]","[['K', 'AE2', 'NG', 'G', 'ER0', 'UW1']]",1
492566573,"giraffe","elephant","[['JH', 'ER0', 'AE1', 'F']]","[['EH1', 'L', 'AH0', 'F', 'AH0', 'N', 'T']]",1
492566573,"elephant","monkey","[['EH1', 'L', 'AH0', 'F', 'AH0', 'N', 'T']]","[['M', 'AH1', 'NG', 'K', 'IY0']]",1
492566573,"monkey","oscar","[['M', 'AH1', 'NG', 'K', 'IY0']]","[['AO1', 'S', 'K', 'ER0']]",1
492566573,"oscar","ostrich","[['AO1', 'S', 'K', 'ER0']]","[['AO1', 'S', 'T', 'R', 'IH0', 'CH']]",2
492566573,"ostrich","fish","[['AO1', 'S', 'T', 'R', 'IH0', 'CH']]","[['F', 'IH1', 'SH']]",1
492566573,"fish","shark","[['F', 'IH1', 'SH']]","[['SH', 'AA1', 'R', 'K']]",1
492566573,"shark","whale","[['SH', 'AA1', 'R', 'K']]","[['W', 'EY1', 'L'], ['HH', 'W', 'EY1', 'L']]",0
492566573,"whale","bird","[['W', 'EY1', 'L'], ['HH', 'W', 'EY1', 'L']]","[['B', 'ER1', 'D']]",0
492566573,"bird","hamster","[['B', 'ER1', 'D']]","[['HH', 'AE1', 'M', 'S', 'T', 'ER0']]",1
492566573,"hamster","rat","[['HH', 'AE1', 'M', 'S', 'T', 'ER0']]","[['R', 'AE1', 'T']]",1
492566573,"rat","cat","[['R', 'AE1', 'T']]","[['K', 'AE1', 'T']]",2
492566573,"cat","dog","[['K', 'AE1', 'T']]","[['D', 'AO1', 'G']]",0
492566573,"dog","horse","[['D', 'AO1', 'G']]","[['HH', 'AO1', 'R', 'S']]",1
492566573,"horse","pig","[['HH', 'AO1', 'R', 'S']]","[['P', 'IH1', 'G']]",0
492566573,"pig","cow","[['P', 'IH1', 'G']]","[['K', 'AW1']]",0
492566573,"cow","chicken","[['K', 'AW1']]","[['CH', 'IH1', 'K', 'AH0', 'N']]",1
492566573,"chicken","seal","[['CH', 'IH1', 'K', 'AH0', 'N']]","[['S', 'IY1', 'L']]",0
482082763,"giraffe","hippo","[['JH', 'ER0', 'AE1', 'F']]","[['HH', 'IH1', 'P', 'OW0']]",0
482082763,"hippo","elephant","[['HH', 'IH1', 'P', 'OW0']]","[['EH1', 'L', 'AH0', 'F', 'AH0', 'N', 'T']]",0
482082763,"elephant","donkey","[['EH1', 'L', 'AH0', 'F', 'AH0', 'N', 'T']]","[['D', 'AA1', 'NG', 'K', 'IY0'], ['D', 'AO1', 'NG', 'K', 'IY0']]",0
482082763,"donkey","horse","[['D', 'AA1', 'NG', 'K', 'IY0'], ['D', 'AO1', 'NG', 'K', 'IY0']]","[['HH', 'AO1', 'R', 'S']]",0
482082763,"horse","dog","[['HH', 'AO1', 'R', 'S']]","[['D', 'AO1', 'G']]",1
482082763,"dog","cat","[['D', 'AO1', 'G']]","[['K', 'AE1', 'T']]",0
482082763,"cat","tarantula","[['K', 'AE1', 'T']]","[['T', 'AH0', 'R', 'AE1', 'N', 'CH', 'UW0', 'L', 'AH0'], ['T', 'AH0', 'R', 'AE1', 'N', 'CH', 'AH0', 'L', 'AH0']]",1
482082763,"tarantula","fish","[['T', 'AH0', 'R', 'AE1', 'N', 'CH', 'UW0', 'L', 'AH0'], ['T', 'AH0', 'R', 'AE1', 'N', 'CH', 'AH0', 'L', 'AH0']]","[['F', 'IH1', 'SH']]",0
482082763,"fish","raccoon","[['F', 'IH1', 'SH']]","[['R', 'AE0', 'K', 'UW1', 'N']]",0
482082763,"raccoon","deer","[['R', 'AE0', 'K', 'UW1', 'N']]","[['D', 'IH1', 'R']]",1
482082763,"deer","frog","[['D', 'IH1', 'R']]","[['F', 'R', 'AA1', 'G']]",1
482082763,"frog","snake","[['F', 'R', 'AA1', 'G']]","[['S', 'N', 'EY1', 'K']]",0
482082763,"snake","parrot","[['S', 'N', 'EY1', 'K']]","[['P', 'EH1', 'R', 'AH0', 'T']]",0
482082763,"parrot","macaw","[['P', 'EH1', 'R', 'AH0', 'T']]","[['M', 'AH0', 'K', 'AO1']]",1
482082763,"macaw","zebra","[['M', 'AH0', 'K', 'AO1']]","[['Z', 'IY1', 'B', 'R', 'AH0']]",1
482082763,"zebra","flamingo","[['Z', 'IY1', 'B', 'R', 'AH0']]","[['F', 'L', 'AH0', 'M', 'IH1', 'NG', 'G', 'OW0']]",1
482082763,"flamingo","duck","[['F', 'L', 'AH0', 'M', 'IH1', 'NG', 'G', 'OW0']]","[['D', 'AH1', 'K']]",1
482082763,"duck","turtle","[['D', 'AH1', 'K']]","[['T', 'ER1', 'T', 'AH0', 'L']]",1
482082763,"turtle","cheetah","[['T', 'ER1', 'T', 'AH0', 'L']]","[['CH', 'IY1', 'T', 'AH0']]",2
482082763,"cheetah","jaguar","[['CH', 'IY1', 'T', 'AH0']]","[['JH', 'AE1', 'G', 'W', 'AA2', 'R']]",0
482082763,"jaguar","panther","[['JH', 'AE1', 'G', 'W', 'AA2', 'R']]","[['P', 'AE1', 'N', 'TH', 'ER0']]",1
482082763,"panther","lion","[['P', 'AE1', 'N', 'TH', 'ER0']]","[['L', 'AY1', 'AH0', 'N']]",1
198983524,"cat","dog","[['K', 'AE1', 'T']]","[['D', 'AO1', 'G']]",0
198983524,"dog","butterfly","[['D', 'AO1', 'G']]","[['B', 'AH1', 'T', 'ER0', 'F', 'L', 'AY2']]",0
198983524,"butterfly","bee","[['B', 'AH1', 'T', 'ER0', 'F', 'L', 'AY2']]","[['B', 'IY1']]",1
198983524,"bee","bee","[['B', 'IY1']]","[['B', 'IY1']]",2
198983524,"bee","lion","[['B', 'IY1']]","[['L', 'AY1', 'AH0', 'N']]",0
198983524,"lion","zebra","[['L', 'AY1', 'AH0', 'N']]","[['Z', 'IY1', 'B', 'R', 'AH0']]",1
198983524,"zebra","tiger","[['Z', 'IY1', 'B', 'R', 'AH0']]","[['T', 'AY1', 'G', 'ER0']]",0
198983524,"tiger","elephant","[['T', 'AY1', 'G', 'ER0']]","[['EH1', 'L', 'AH0', 'F', 'AH0', 'N', 'T']]",1
198983524,"elephant","bear","[['EH1', 'L', 'AH0', 'F', 'AH0', 'N', 'T']]","[['B', 'EH1', 'R']]",1
198983524,"bear","kangaroo","[['B', 'EH1', 'R']]","[['K', 'AE2', 'NG', 'G', 'ER0', 'UW1']]",0
198983524,"kangaroo","dolphin","[['K', 'AE2', 'NG', 'G', 'ER0', 'UW1']]","[['D', 'AA1', 'L', 'F', 'AH0', 'N']]",0
198983524,"dolphin","fish","[['D', 'AA1', 'L', 'F', 'AH0', 'N']]","[['F', 'IH1', 'SH']]",1
198983524,"fish","zebra","[['F', 'IH1', 'SH']]","[['Z', 'IY1', 'B', 'R', 'AH0']]",0
198983524,"zebra","fly","[['Z', 'IY1', 'B', 'R', 'AH0']]","[['F', 'L', 'AY1']]",0
198983524,"fly","flea","[['F', 'L', 'AY1']]","[['F', 'L', 'IY1']]",2
198983524,"flea","tiger","[['F', 'L', 'IY1']]","[['T', 'AY1', 'G', 'ER0']]",0
198983524,"tiger","squirrel","[['T', 'AY1', 'G', 'ER0']]","[['S', 'K', 'W', 'ER1', 'AH0', 'L']]",1
198983524,"squirrel","raccoon","[['S', 'K', 'W', 'ER1', 'AH0', 'L']]","[['R', 'AE0', 'K', 'UW1', 'N']]",1
198983524,"raccoon","possum","[['R', 'AE0', 'K', 'UW1', 'N']]","[['P', 'AA1', 'S', 'AH0', 'M']]",0
198983524,"possum","rat","[['P', 'AA1', 'S', 'AH0', 'M']]","[['R', 'AE1', 'T']]",0
198983524,"rat","mouse","[['R', 'AE1', 'T']]","[['M', 'AW1', 'S']]",0
198983524,"mouse","snake","[['M', 'AW1', 'S']]","[['S', 'N', 'EY1', 'K']]",1
198983524,"snake","bird","[['S', 'N', 'EY1', 'K']]","[['B', 'ER1', 'D']]",0
643791071,"lion","tiger","[['L', 'AY1', 'AH0', 'N']]","[['T', 'AY1', 'G', 'ER0']]",1
643791071,"tiger","bear","[['T', 'AY1', 'G', 'ER0']]","[['B', 'EH1', 'R']]",0
643791071,"bear","giraffe","[['B', 'EH1', 'R']]","[['JH', 'ER0', 'AE1', 'F']]",0
643791071,"giraffe","elephant","[['JH', 'ER0', 'AE1', 'F']]","[['EH1', 'L', 'AH0', 'F', 'AH0', 'N', 'T']]",1
643791071,"elephant","dolphin","[['EH1', 'L', 'AH0', 'F', 'AH0', 'N', 'T']]","[['D', 'AA1', 'L', 'F', 'AH0', 'N']]",3
643791071,"dolphin","whale","[['D', 'AA1', 'L', 'F', 'AH0', 'N']]","[['W', 'EY1', 'L'], ['HH', 'W', 'EY1', 'L']]",1
643791071,"whale","snake","[['W', 'EY1', 'L'], ['HH', 'W', 'EY1', 'L']]","[['S', 'N', 'EY1', 'K']]",1
643791071,"snake","rabbit","[['S', 'N', 'EY1', 'K']]","[['R', 'AE1', 'B', 'AH0', 'T'], ['R', 'AE1', 'B', 'IH0', 'T']]",0
643791071,"rabbit","lizard","[['R', 'AE1', 'B', 'AH0', 'T'], ['R', 'AE1', 'B', 'IH0', 'T']]","[['L', 'IH1', 'Z', 'ER0', 'D']]",0
643791071,"lizard","spider","[['L', 'IH1', 'Z', 'ER0', 'D']]","[['S', 'P', 'AY1', 'D', 'ER0']]",1
643791071,"spider","bat","[['S', 'P', 'AY1', 'D', 'ER0']]","[['B', 'AE1', 'T']]",0
643791071,"bat","raccoon","[['B', 'AE1', 'T']]","[['R', 'AE0', 'K', 'UW1', 'N']]",1
643791071,"raccoon","fox","[['R', 'AE0', 'K', 'UW1', 'N']]","[['F', 'AA1', 'K', 'S']]",1
643791071,"fox","wolf","[['F', 'AA1', 'K', 'S']]","[['W', 'UH1', 'L', 'F']]",1
643791071,"wolf","meerkat","[['W', 'UH1', 'L', 'F']]","[['M', 'IY1', 'ER0', 'K', 'AE1', 'T']]",0
643791071,"meerkat","deer","[['M', 'IY1', 'ER0', 'K', 'AE1', 'T']]","[['D', 'IH1', 'R']]",0
643791071,"deer","fish","[['D', 'IH1', 'R']]","[['F', 'IH1', 'SH']]",1
72141573,"tiger","lion","[['T', 'AY1', 'G', 'ER0']]","[['L', 'AY1', 'AH0', 'N']]",1
72141573,"lion","zebra","[['L', 'AY1', 'AH0', 'N']]","[['Z', 'IY1', 'B', 'R', 'AH0']]",1
72141573,"zebra","mammoth","[['Z', 'IY1', 'B', 'R', 'AH0']]","[['M', 'AE1', 'M', 'AH0', 'TH']]",1
72141573,"mammoth","elephant","[['M', 'AE1', 'M', 'AH0', 'TH']]","[['EH1', 'L', 'AH0', 'F', 'AH0', 'N', 'T']]",1
72141573,"elephant","manatee","[['EH1', 'L', 'AH0', 'F', 'AH0', 'N', 'T']]","[['M', 'AE1', 'N', 'AH0', 'T', 'IY2']]",1
72141573,"manatee","hippo","[['M', 'AE1', 'N', 'AH0', 'T', 'IY2']]","[['HH', 'IH1', 'P', 'OW0']]",0
72141573,"hippo","giraffe","[['HH', 'IH1', 'P', 'OW0']]","[['JH', 'ER0', 'AE1', 'F']]",0
72141573,"giraffe","panda","[['JH', 'ER0', 'AE1', 'F']]","[['P', 'AE1', 'N', 'D', 'AH0']]",1
72141573,"panda","lemur","[['P', 'AE1', 'N', 'D', 'AH0']]","[['L', 'IY1', 'M', 'ER0']]",0
72141573,"lemur","sloth","[['L', 'IY1', 'M', 'ER0']]","[['S', 'L', 'OW1', 'TH']]",1
72141573,"sloth","fish","[['S', 'L', 'OW1', 'TH']]","[['F', 'IH1', 'SH']]",0
72141573,"fish","eel","[['F', 'IH1', 'SH']]","[['IY1', 'L']]",0
72141573,"eel","barracuda","[['IY1', 'L']]","[['B', 'EH2', 'R', 'AH0', 'K', 'UW1', 'D', 'AH0']]",0
72141573,"barracuda","shark","[['B', 'EH2', 'R', 'AH0', 'K', 'UW1', 'D', 'AH0']]","[['SH', 'AA1', 'R', 'K']]",1
72141573,"shark","dolphin","[['SH', 'AA1', 'R', 'K']]","[['D', 'AA1', 'L', 'F', 'AH0', 'N']]",1
72141573,"dolphin","whale","[['D', 'AA1', 'L', 'F', 'AH0', 'N']]","[['W', 'EY1', 'L'], ['HH', 'W', 'EY1', 'L']]",1
72141573,"whale","monkey","[['W', 'EY1', 'L'], ['HH', 'W', 'EY1', 'L']]","[['M', 'AH1', 'NG', 'K', 'IY0']]",0
72141573,"monkey","ape","[['M', 'AH1', 'NG', 'K', 'IY0']]","[['EY1', 'P']]",0
72141573,"ape","gorilla","[['EY1', 'P']]","[['G', 'ER0', 'IH1', 'L', 'AH0']]",0
72141573,"gorilla","chimp","[['G', 'ER0', 'IH1', 'L', 'AH0']]","[['CH', 'IH1', 'M', 'P']]",1
72141573,"chimp","eagle","[['CH', 'IH1', 'M', 'P']]","[['IY1', 'G', 'AH0', 'L']]",0
72141573,"eagle","eagle","[['IY1', 'G', 'AH0', 'L']]","[['IY1', 'G', 'AH0', 'L']]",4
72141573,"eagle","hawk","[['IY1', 'G', 'AH0', 'L']]","[['HH', 'AO1', 'K']]",0
566255711,"wolf","bear","[['W', 'UH1', 'L', 'F']]","[['B', 'EH1', 'R']]",0
566255711,"bear","trex","[['B', 'EH1', 'R']]","[['T', 'R', 'EY1', 'EH1', 'K', 'S']]",1
566255711,"trex","dragon","[['T', 'R', 'EY1', 'EH1', 'K', 'S']]","[['D', 'R', 'AE1', 'G', 'AH0', 'N']]",1
566255711,"dragon","pegasus","[['D', 'R', 'AE1', 'G', 'AH0', 'N']]","[['P', 'EH1', 'G', 'AH0', 'S', 'AH0', 'S']]",2
566255711,"pegasus","stegosaurus","[['P', 'EH1', 'G', 'AH0', 'S', 'AH0', 'S']]","[['S', 'T', 'EH2', 'G', 'AH0', 'S', 'AO1', 'R', 'AH0', 'S']]",4
566255711,"stegosaurus","triceratops","[['S', 'T', 'EH2', 'G', 'AH0', 'S', 'AO1', 'R', 'AH0', 'S']]","[['T', 'R', 'AY2', 'S', 'EH1', 'R', 'AH0', 'T', 'AO2', 'P', 'S']]",2
566255711,"triceratops","monster","[['T', 'R', 'AY2', 'S', 'EH1', 'R', 'AH0', 'T', 'AO2', 'P', 'S']]","[['M', 'AA1', 'N', 'S', 'T', 'ER0']]",1
566255711,"monster","turtle","[['M', 'AA1', 'N', 'S', 'T', 'ER0']]","[['T', 'ER1', 'T', 'AH0', 'L']]",2
566255711,"turtle","piranha","[['T', 'ER1', 'T', 'AH0', 'L']]","[['P', 'IH0', 'R', 'AE1', 'N', 'HH', 'AH0']]",1
566255711,"piranha","frog","[['P', 'IH0', 'R', 'AE1', 'N', 'HH', 'AH0']]","[['F', 'R', 'AA1', 'G']]",1
566255711,"frog","turtle","[['F', 'R', 'AA1', 'G']]","[['T', 'ER1', 'T', 'AH0', 'L']]",0
566255711,"turtle","tortoise","[['T', 'ER1', 'T', 'AH0', 'L']]","[['T', 'AO1', 'R', 'T', 'AH0', 'S']]",2
566255711,"tortoise","meerkat","[['T', 'AO1', 'R', 'T', 'AH0', 'S']]","[['M', 'IY1', 'ER0', 'K', 'AE1', 'T']]",1
692791869,"dog","cat","[['D', 'AO1', 'G']]","[['K', 'AE1', 'T']]",0
692791869,"cat","elephant","[['K', 'AE1', 'T']]","[['EH1', 'L', 'AH0', 'F', 'AH0', 'N', 'T']]",1
692791869,"elephant","squirrel","[['EH1', 'L', 'AH0', 'F', 'AH0', 'N', 'T']]","[['S', 'K', 'W', 'ER1', 'AH0', 'L']]",1
692791869,"squirrel","lion","[['S', 'K', 'W', 'ER1', 'AH0', 'L']]","[['L', 'AY1', 'AH0', 'N']]",1
692791869,"lion","lioness","[['L', 'AY1', 'AH0', 'N']]","[['L', 'AY1', 'AH0', 'N', 'EH1', 'S']]",4
692791869,"lioness","fish","[['L', 'AY1', 'AH0', 'N', 'EH1', 'S']]","[['F', 'IH1', 'SH']]",0
692791869,"fish","deer","[['F', 'IH1', 'SH']]","[['D', 'IH1', 'R']]",1
692791869,"deer","rabbit","[['D', 'IH1', 'R']]","[['R', 'AE1', 'B', 'AH0', 'T'], ['R', 'AE1', 'B', 'IH0', 'T']]",1
692791869,"rabbit","squirrel","[['R', 'AE1', 'B', 'AH0', 'T'], ['R', 'AE1', 'B', 'IH0', 'T']]","[['S', 'K', 'W', 'ER1', 'AH0', 'L']]",1
692791869,"squirrel","hamster","[['S', 'K', 'W', 'ER1', 'AH0', 'L']]","[['HH', 'AE1', 'M', 'S', 'T', 'ER0']]",1
692791869,"hamster","bird","[['HH', 'AE1', 'M', 'S', 'T', 'ER0']]","[['B', 'ER1', 'D']]",1
692791869,"bird","cow","[['B', 'ER1', 'D']]","[['K', 'AW1']]",0
692791869,"cow","lizard","[['K', 'AW1']]","[['L', 'IH1', 'Z', 'ER0', 'D']]",0
692791869,"lizard","porcupine","[['L', 'IH1', 'Z', 'ER0', 'D']]","[['P', 'AO1', 'R', 'K', 'Y', 'AH0', 'P', 'AY2', 'N']]",0
692791869,"porcupine","koala","[['P', 'AO1', 'R', 'K', 'Y', 'AH0', 'P', 'AY2', 'N']]","[['K', 'OW0', 'AA1', 'L', 'AH0']]",1
692791869,"koala","bluejay","[['K', 'OW0', 'AA1', 'L', 'AH0']]","[['B', 'L', 'UW1', 'JH', 'EY2']]",1
692791869,"bluejay","hippo","[['B', 'L', 'UW1', 'JH', 'EY2']]","[['HH', 'IH1', 'P', 'OW0']]",0
692791869,"hippo","giraffe","[['HH', 'IH1', 'P', 'OW0']]","[['JH', 'ER0', 'AE1', 'F']]",0
823246566,"giraffe","orangutan","[['JH', 'ER0', 'AE1', 'F']]","[['AO0', 'R', 'AE1', 'NG', 'AH0', 'T', 'AE0', 'N'], ['AO0', 'R', 'AE1', 'NG', 'AH0', 'T', 'AA0', 'N']]",1
823246566,"orangutan","monkey","[['AO0', 'R', 'AE1', 'NG', 'AH0', 'T', 'AE0', 'N'], ['AO0', 'R', 'AE1', 'NG', 'AH0', 'T', 'AA0', 'N']]","[['M', 'AH1', 'NG', 'K', 'IY0']]",1
823246566,"monkey","elephant","[['M', 'AH1', 'NG', 'K', 'IY0']]","[['EH1', 'L', 'AH0', 'F', 'AH0', 'N', 'T']]",1
823246566,"elephant","bird","[['EH1', 'L', 'AH0', 'F', 'AH0', 'N', 'T']]","[['B', 'ER1', 'D']]",0
823246566,"bird","eagle","[['B', 'ER1', 'D']]","[['IY1', 'G', 'AH0', 'L']]",0
823246566,"eagle","jaguar","[['IY1', 'G', 'AH0', 'L']]","[['JH', 'AE1', 'G', 'W', 'AA2', 'R']]",1
823246566,"jaguar","cheetah","[['JH', 'AE1', 'G', 'W', 'AA2', 'R']]","[['CH', 'IY1', 'T', 'AH0']]",0
823246566,"cheetah","frog","[['CH', 'IY1', 'T', 'AH0']]","[['F', 'R', 'AA1', 'G']]",0
823246566,"frog","toad","[['F', 'R', 'AA1', 'G']]","[['T', 'OW1', 'D']]",0
823246566,"toad","flamingo","[['T', 'OW1', 'D']]","[['F', 'L', 'AH0', 'M', 'IH1', 'NG', 'G', 'OW0']]",1
823246566,"flamingo","lion","[['F', 'L', 'AH0', 'M', 'IH1', 'NG', 'G', 'OW0']]","[['L', 'AY1', 'AH0', 'N']]",1
823246566,"lion","mouse","[['L', 'AY1', 'AH0', 'N']]","[['M', 'AW1', 'S']]",0
823246566,"mouse","bat","[['M', 'AW1', 'S']]","[['B', 'AE1', 'T']]",0
823246566,"bat","fish","[['B', 'AE1', 'T']]","[['F', 'IH1', 'SH']]",0
823246566,"fish","ape","[['F', 'IH1', 'SH']]","[['EY1', 'P']]",0
823246566,"ape","chimp","[['EY1', 'P']]","[['CH', 'IH1', 'M', 'P']]",1
823246566,"chimp","rhino","[['CH', 'IH1', 'M', 'P']]","[['R', 'AY1', 'N', 'OW2']]",0
459233509,"cat","dog","[['K', 'AE1', 'T']]","[['D', 'AO1', 'G']]",0
459233509,"dog","fish","[['D', 'AO1', 'G']]","[['F', 'IH1', 'SH']]",0
459233509,"fish","tiger","[['F', 'IH1', 'SH']]","[['T', 'AY1', 'G', 'ER0']]",0
459233509,"tiger","lion","[['T', 'AY1', 'G', 'ER0']]","[['L', 'AY1', 'AH0', 'N']]",1
459233509,"lion","rabbit","[['L', 'AY1', 'AH0', 'N']]","[['R', 'AE1', 'B', 'AH0', 'T'], ['R', 'AE1', 'B', 'IH0', 'T']]",1
459233509,"rabbit","raccoon","[['R', 'AE1', 'B', 'AH0', 'T'], ['R', 'AE1', 'B', 'IH0', 'T']]","[['R', 'AE0', 'K', 'UW1', 'N']]",2
459233509,"raccoon","deer","[['R', 'AE0', 'K', 'UW1', 'N']]","[['D', 'IH1', 'R']]",1
459233509,"deer","mammoth","[['D', 'IH1', 'R']]","[['M', 'AE1', 'M', 'AH0', 'TH']]",0
459233509,"mammoth","whale","[['M', 'AE1', 'M', 'AH0', 'TH']]","[['W', 'EY1', 'L'], ['HH', 'W', 'EY1', 'L']]",0
459233509,"whale","shark","[['W', 'EY1', 'L'], ['HH', 'W', 'EY1', 'L']]","[['SH', 'AA1', 'R', 'K']]",0
459233509,"shark","bird","[['SH', 'AA1', 'R', 'K']]","[['B', 'ER1', 'D']]",0
459233509,"bird","penguin","[['B', 'ER1', 'D']]","[['P', 'EH1', 'NG', 'G', 'W', 'AH0', 'N']]",0
459233509,"penguin","wolf","[['P', 'EH1', 'NG', 'G', 'W', 'AH0', 'N']]","[['W', 'UH1', 'L', 'F']]",1
459233509,"wolf","badger","[['W', 'UH1', 'L', 'F']]","[['B', 'AE1', 'JH', 'ER0']]",0
459233509,"badger","fish","[['B', 'AE1', 'JH', 'ER0']]","[['F', 'IH1', 'SH']]",0
459233509,"fish","baboon","[['F', 'IH1', 'SH']]","[['B', 'AH0', 'B', 'UW1', 'N']]",0
459233509,"baboon","gorilla","[['B', 'AH0', 'B', 'UW1', 'N']]","[['G', 'ER0', 'IH1', 'L', 'AH0']]",1
459233509,"gorilla","ape","[['G', 'ER0', 'IH1', 'L', 'AH0']]","[['EY1', 'P']]",0
826471010,"monkey","elephant","[['M', 'AH1', 'NG', 'K', 'IY0']]","[['EH1', 'L', 'AH0', 'F', 'AH0', 'N', 'T']]",1
826471010,"elephant","giraffe","[['EH1', 'L', 'AH0', 'F', 'AH0', 'N', 'T']]","[['JH', 'ER0', 'AE1', 'F']]",1
826471010,"giraffe","bird","[['JH', 'ER0', 'AE1', 'F']]","[['B', 'ER1', 'D']]",1
826471010,"bird","parrot","[['B', 'ER1', 'D']]","[['P', 'EH1', 'R', 'AH0', 'T']]",0
826471010,"parrot","pilgrim","[['P', 'EH1', 'R', 'AH0', 'T']]","[['P', 'IH1', 'L', 'G', 'R', 'AH0', 'M'], ['P', 'IH1', 'L', 'G', 'R', 'IH0', 'M']]",2
826471010,"pilgrim","hippo","[['P', 'IH1', 'L', 'G', 'R', 'AH0', 'M'], ['P', 'IH1', 'L', 'G', 'R', 'IH0', 'M']]","[['HH', 'IH1', 'P', 'OW0']]",1
826471010,"hippo","eagle","[['HH', 'IH1', 'P', 'OW0']]","[['IY1', 'G', 'AH0', 'L']]",0
826471010,"eagle","turtle","[['IY1', 'G', 'AH0', 'L']]","[['T', 'ER1', 'T', 'AH0', 'L']]",2
826471010,"turtle","tiger","[['T', 'ER1', 'T', 'AH0', 'L']]","[['T', 'AY1', 'G', 'ER0']]",1
826471010,"tiger","lion","[['T', 'AY1', 'G', 'ER0']]","[['L', 'AY1', 'AH0', 'N']]",1
826471010,"lion","cheetah","[['L', 'AY1', 'AH0', 'N']]","[['CH', 'IY1', 'T', 'AH0']]",1
826471010,"cheetah","donkey","[['CH', 'IY1', 'T', 'AH0']]","[['D', 'AA1', 'NG', 'K', 'IY0'], ['D', 'AO1', 'NG', 'K', 'IY0']]",1
826471010,"donkey","horse","[['D', 'AA1', 'NG', 'K', 'IY0'], ['D', 'AO1', 'NG', 'K', 'IY0']]","[['HH', 'AO1', 'R', 'S']]",0
826471010,"horse","fish","[['HH', 'AO1', 'R', 'S']]","[['F', 'IH1', 'SH']]",0
826471010,"fish","cow","[['F', 'IH1', 'SH']]","[['K', 'AW1']]",0
826471010,"cow","gorilla","[['K', 'AW1']]","[['G', 'ER0', 'IH1', 'L', 'AH0']]",0
826471010,"gorilla","snake","[['G', 'ER0', 'IH1', 'L', 'AH0']]","[['S', 'N', 'EY1', 'K']]",0
826471010,"snake","spider","[['S', 'N', 'EY1', 'K']]","[['S', 'P', 'AY1', 'D', 'ER0']]",1
826471010,"spider","alligator","[['S', 'P', 'AY1', 'D', 'ER0']]","[['AE1', 'L', 'AH0', 'G', 'EY2', 'T', 'ER0']]",1
588241255,"dog","cat","[['D', 'AO1', 'G']]","[['K', 'AE1', 'T']]",0
588241255,"cat","ferret","[['K', 'AE1', 'T']]","[['F', 'EH1', 'R', 'AH0', 'T']]",1
588241255,"ferret","hamster","[['F', 'EH1', 'R', 'AH0', 'T']]","[['HH', 'AE1', 'M', 'S', 'T', 'ER0']]",1
588241255,"hamster","mouse","[['HH', 'AE1', 'M', 'S', 'T', 'ER0']]","[['M', 'AW1', 'S']]",1
588241255,"mouse","bird","[['M', 'AW1', 'S']]","[['B', 'ER1', 'D']]",0
588241255,"bird","parrot","[['B', 'ER1', 'D']]","[['P', 'EH1', 'R', 'AH0', 'T']]",0
588241255,"parrot","elephant","[['P', 'EH1', 'R', 'AH0', 'T']]","[['EH1', 'L', 'AH0', 'F', 'AH0', 'N', 'T']]",1
588241255,"elephant","giraffe","[['EH1', 'L', 'AH0', 'F', 'AH0', 'N', 'T']]","[['JH', 'ER0', 'AE1', 'F']]",1
588241255,"giraffe","rhino","[['JH', 'ER0', 'AE1', 'F']]","[['R', 'AY1', 'N', 'OW2']]",0
588241255,"rhino","snake","[['R', 'AY1', 'N', 'OW2']]","[['S', 'N', 'EY1', 'K']]",1
588241255,"snake","gorilla","[['S', 'N', 'EY1', 'K']]","[['G', 'ER0', 'IH1', 'L', 'AH0']]",0
588241255,"gorilla","ape","[['G', 'ER0', 'IH1', 'L', 'AH0']]","[['EY1', 'P']]",0
588241255,"ape","monkey","[['EY1', 'P']]","[['M', 'AH1', 'NG', 'K', 'IY0']]",0
588241255,"monkey","squirrel","[['M', 'AH1', 'NG', 'K', 'IY0']]","[['S', 'K', 'W', 'ER1', 'AH0', 'L']]",1
588241255,"squirrel","groundhog","[['S', 'K', 'W', 'ER1', 'AH0', 'L']]","[['G', 'R', 'AW1', 'N', 'D', 'HH', 'AA2', 'G']]",0
588241255,"groundhog","raccoon","[['G', 'R', 'AW1', 'N', 'D', 'HH', 'AA2', 'G']]","[['R', 'AE0', 'K', 'UW1', 'N']]",1
588241255,"raccoon","possum","[['R', 'AE0', 'K', 'UW1', 'N']]","[['P', 'AA1', 'S', 'AH0', 'M']]",0
588241255,"possum","deer","[['P', 'AA1', 'S', 'AH0', 'M']]","[['D', 'IH1', 'R']]",0
588241255,"deer","turkey","[['D', 'IH1', 'R']]","[['T', 'ER1', 'K', 'IY0']]",0
588241255,"turkey","coyote","[['T', 'ER1', 'K', 'IY0']]","[['K', 'AY0', 'OW1', 'T', 'IY0'], ['K', 'AY1', 'OW0', 'T']]",1
588241255,"coyote","moose","[['K', 'AY0', 'OW1', 'T', 'IY0'], ['K', 'AY1', 'OW0', 'T']]","[['M', 'UW1', 'S']]",0
588241255,"moose","bug","[['M', 'UW1', 'S']]","[['B', 'AH1', 'G']]",0
588241255,"bug","leopard","[['B', 'AH1', 'G']]","[['L', 'EH1', 'P', 'ER0', 'D']]",0
588241255,"leopard","lion","[['L', 'EH1', 'P', 'ER0', 'D']]","[['L', 'AY1', 'AH0', 'N']]",1
588241255,"lion","leopard","[['L', 'AY1', 'AH0', 'N']]","[['L', 'EH1', 'P', 'ER0', 'D']]",1
588241255,"leopard","cow","[['L', 'EH1', 'P', 'ER0', 'D']]","[['K', 'AW1']]",0
588241255,"cow","horse","[['K', 'AW1']]","[['HH', 'AO1', 'R', 'S']]",0
588241255,"horse","pig","[['HH', 'AO1', 'R', 'S']]","[['P', 'IH1', 'G']]",0
588241255,"pig","hog","[['P', 'IH1', 'G']]","[['HH', 'AA1', 'G']]",1
588241255,"hog","turkey","[['HH', 'AA1', 'G']]","[['T', 'ER1', 'K', 'IY0']]",0
588241255,"turkey","rooster","[['T', 'ER1', 'K', 'IY0']]","[['R', 'UW1', 'S', 'T', 'ER0']]",2
588241255,"rooster","chicken","[['R', 'UW1', 'S', 'T', 'ER0']]","[['CH', 'IH1', 'K', 'AH0', 'N']]",0
588241255,"chicken","turtle","[['CH', 'IH1', 'K', 'AH0', 'N']]","[['T', 'ER1', 'T', 'AH0', 'L']]",1
588241255,"turtle","fish","[['T', 'ER1', 'T', 'AH0', 'L']]","[['F', 'IH1', 'SH']]",0
588241255,"fish","scorpion","[['F', 'IH1', 'SH']]","[['S', 'K', 'AO1', 'R', 'P', 'IY0', 'AH0', 'N']]",0
862910404,"frog","lizard","[['F', 'R', 'AA1', 'G']]","[['L', 'IH1', 'Z', 'ER0', 'D']]",0
862910404,"lizard","snake","[['L', 'IH1', 'Z', 'ER0', 'D']]","[['S', 'N', 'EY1', 'K']]",0
862910404,"snake","lion","[['S', 'N', 'EY1', 'K']]","[['L', 'AY1', 'AH0', 'N']]",1
862910404,"lion","tiger","[['L', 'AY1', 'AH0', 'N']]","[['T', 'AY1', 'G', 'ER0']]",1
862910404,"tiger","monkey","[['T', 'AY1', 'G', 'ER0']]","[['M', 'AH1', 'NG', 'K', 'IY0']]",0
862910404,"monkey","bird","[['M', 'AH1', 'NG', 'K', 'IY0']]","[['B', 'ER1', 'D']]",0
862910404,"bird","lizard","[['B', 'ER1', 'D']]","[['L', 'IH1', 'Z', 'ER0', 'D']]",2
862910404,"lizard","lizard","[['L', 'IH1', 'Z', 'ER0', 'D']]","[['L', 'IH1', 'Z', 'ER0', 'D']]",5
862910404,"lizard","deer","[['L', 'IH1', 'Z', 'ER0', 'D']]","[['D', 'IH1', 'R']]",1
862910404,"deer","bear","[['D', 'IH1', 'R']]","[['B', 'EH1', 'R']]",1
862910404,"bear","squirrel","[['B', 'EH1', 'R']]","[['S', 'K', 'W', 'ER1', 'AH0', 'L']]",0
862910404,"squirrel","chipmunk","[['S', 'K', 'W', 'ER1', 'AH0', 'L']]","[['CH', 'IH1', 'P', 'M', 'AH1', 'NG', 'K']]",1
862910404,"chipmunk","skunk","[['CH', 'IH1', 'P', 'M', 'AH1', 'NG', 'K']]","[['S', 'K', 'AH1', 'NG', 'K']]",3
862910404,"skunk","fish","[['S', 'K', 'AH1', 'NG', 'K']]","[['F', 'IH1', 'SH']]",0
862910404,"fish","dog","[['F', 'IH1', 'SH']]","[['D', 'AO1', 'G']]",0
862910404,"dog","waterbug","[['D', 'AO1', 'G']]","[['W', 'AO1', 'T', 'ER0', 'B', 'AH1', 'G']]",1
862910404,"waterbug","spider","[['W', 'AO1', 'T', 'ER0', 'B', 'AH1', 'G']]","[['S', 'P', 'AY1', 'D', 'ER0']]",1
862910404,"spider","fly","[['S', 'P', 'AY1', 'D', 'ER0']]","[['F', 'L', 'AY1']]",1
862910404,"fly","ant","[['F', 'L', 'AY1']]","[['AE1', 'N', 'T']]",0
862910404,"ant","giraffe","[['AE1', 'N', 'T']]","[['JH', 'ER0', 'AE1', 'F']]",1
862910404,"giraffe","elephant","[['JH', 'ER0', 'AE1', 'F']]","[['EH1', 'L', 'AH0', 'F', 'AH0', 'N', 'T']]",1
862910404,"elephant","penguin","[['EH1', 'L', 'AH0', 'F', 'AH0', 'N', 'T']]","[['P', 'EH1', 'NG', 'G', 'W', 'AH0', 'N']]",2
862910404,"penguin","hippo","[['P', 'EH1', 'NG', 'G', 'W', 'AH0', 'N']]","[['HH', 'IH1', 'P', 'OW0']]",1
347997265,"cat","dog","[['K', 'AE1', 'T']]","[['D', 'AO1', 'G']]",0
347997265,"dog","moose","[['D', 'AO1', 'G']]","[['M', 'UW1', 'S']]",0
347997265,"moose","cow","[['M', 'UW1', 'S']]","[['K', 'AW1']]",0
347997265,"cow","kangaroo","[['K', 'AW1']]","[['K', 'AE2', 'NG', 'G', 'ER0', 'UW1']]",1
347997265,"kangaroo","tiger","[['K', 'AE2', 'NG', 'G', 'ER0', 'UW1']]","[['T', 'AY1', 'G', 'ER0']]",2
347997265,"tiger","lion","[['T', 'AY1', 'G', 'ER0']]","[['L', 'AY1', 'AH0', 'N']]",1
347997265,"lion","tiger","[['L', 'AY1', 'AH0', 'N']]","[['T', 'AY1', 'G', 'ER0']]",1
347997265,"tiger","elephant","[['T', 'AY1', 'G', 'ER0']]","[['EH1', 'L', 'AH0', 'F', 'AH0', 'N', 'T']]",1
347997265,"elephant","hippo","[['EH1', 'L', 'AH0', 'F', 'AH0', 'N', 'T']]","[['HH', 'IH1', 'P', 'OW0']]",0
347997265,"hippo","rhino","[['HH', 'IH1', 'P', 'OW0']]","[['R', 'AY1', 'N', 'OW2']]",1
347997265,"rhino","manatee","[['R', 'AY1', 'N', 'OW2']]","[['M', 'AE1', 'N', 'AH0', 'T', 'IY2']]",1
347997265,"manatee","giraffe","[['M', 'AE1', 'N', 'AH0', 'T', 'IY2']]","[['JH', 'ER0', 'AE1', 'F']]",1
347997265,"giraffe","whale","[['JH', 'ER0', 'AE1', 'F']]","[['W', 'EY1', 'L'], ['HH', 'W', 'EY1', 'L']]",0
347997265,"whale","bird","[['W', 'EY1', 'L'], ['HH', 'W', 'EY1', 'L']]","[['B', 'ER1', 'D']]",0
347997265,"bird","chimp","[['B', 'ER1', 'D']]","[['CH', 'IH1', 'M', 'P']]",0
347997265,"chimp","monkey","[['CH', 'IH1', 'M', 'P']]","[['M', 'AH1', 'NG', 'K', 'IY0']]",1
326924228,"lion","cheetah","[['L', 'AY1', 'AH0', 'N']]","[['CH', 'IY1', 'T', 'AH0']]",1
326924228,"cheetah","rhino","[['CH', 'IY1', 'T', 'AH0']]","[['R', 'AY1', 'N', 'OW2']]",0
326924228,"rhino","zebra","[['R', 'AY1', 'N', 'OW2']]","[['Z', 'IY1', 'B', 'R', 'AH0']]",1
326924228,"zebra","giraffe","[['Z', 'IY1', 'B', 'R', 'AH0']]","[['JH', 'ER0', 'AE1', 'F']]",0
326924228,"giraffe","gorilla","[['JH', 'ER0', 'AE1', 'F']]","[['G', 'ER0', 'IH1', 'L', 'AH0']]",1
326924228,"gorilla","monkey","[['G', 'ER0', 'IH1', 'L', 'AH0']]","[['M', 'AH1', 'NG', 'K', 'IY0']]",1
326924228,"monkey","penguin","[['M', 'AH1', 'NG', 'K', 'IY0']]","[['P', 'EH1', 'NG', 'G', 'W', 'AH0', 'N']]",1
326924228,"penguin","polar","[['P', 'EH1', 'NG', 'G', 'W', 'AH0', 'N']]","[['P', 'OW1', 'L', 'ER0']]",1
326924228,"polar","seal","[['P', 'OW1', 'L', 'ER0']]","[['S', 'IY1', 'L']]",1
326924228,"seal","killer","[['S', 'IY1', 'L']]","[['K', 'IH1', 'L', 'ER0']]",1
326924228,"killer","dolphin","[['K', 'IH1', 'L', 'ER0']]","[['D', 'AA1', 'L', 'F', 'AH0', 'N']]",1
326924228,"dolphin","shark","[['D', 'AA1', 'L', 'F', 'AH0', 'N']]","[['SH', 'AA1', 'R', 'K']]",1
326924228,"shark","wolf","[['SH', 'AA1', 'R', 'K']]","[['W', 'UH1', 'L', 'F']]",0
326924228,"wolf","coyote","[['W', 'UH1', 'L', 'F']]","[['K', 'AY0', 'OW1', 'T', 'IY0'], ['K', 'AY1', 'OW0', 'T']]",0
326924228,"coyote","squirrel","[['K', 'AY0', 'OW1', 'T', 'IY0'], ['K', 'AY1', 'OW0', 'T']]","[['S', 'K', 'W', 'ER1', 'AH0', 'L']]",1
326924228,"squirrel","chipmunk","[['S', 'K', 'W', 'ER1', 'AH0', 'L']]","[['CH', 'IH1', 'P', 'M', 'AH1', 'NG', 'K']]",1
326924228,"chipmunk","owl","[['CH', 'IH1', 'P', 'M', 'AH1', 'NG', 'K']]","[['AW1', 'L']]",0
326924228,"owl","eagle","[['AW1', 'L']]","[['IY1', 'G', 'AH0', 'L']]",1
326924228,"eagle","dog","[['IY1', 'G', 'AH0', 'L']]","[['D', 'AO1', 'G']]",1
326924228,"dog","cat","[['D', 'AO1', 'G']]","[['K', 'AE1', 'T']]",0
326924228,"cat","pig","[['K', 'AE1', 'T']]","[['P', 'IH1', 'G']]",0
326924228,"pig","horse","[['P', 'IH1', 'G']]","[['HH', 'AO1', 'R', 'S']]",0
326924228,"horse","cow","[['HH', 'AO1', 'R', 'S']]","[['K', 'AW1']]",0
326924228,"cow","chicken","[['K', 'AW1']]","[['CH', 'IH1', 'K', 'AH0', 'N']]",1
326924228,"chicken","rooster","[['CH', 'IH1', 'K', 'AH0', 'N']]","[['R', 'UW1', 'S', 'T', 'ER0']]",0
326924228,"rooster","duck","[['R', 'UW1', 'S', 'T', 'ER0']]","[['D', 'AH1', 'K']]",0
326924228,"duck","sheep","[['D', 'AH1', 'K']]","[['SH', 'IY1', 'P']]",0
703247569,"dog","cat","[['D', 'AO1', 'G']]","[['K', 'AE1', 'T']]",0
703247569,"cat","giraffe","[['K', 'AE1', 'T']]","[['JH', 'ER0', 'AE1', 'F']]",1
703247569,"giraffe","monkey","[['JH', 'ER0', 'AE1', 'F']]","[['M', 'AH1', 'NG', 'K', 'IY0']]",0
703247569,"monkey","dolphin","[['M', 'AH1', 'NG', 'K', 'IY0']]","[['D', 'AA1', 'L', 'F', 'AH0', 'N']]",1
703247569,"dolphin","fish","[['D', 'AA1', 'L', 'F', 'AH0', 'N']]","[['F', 'IH1', 'SH']]",1
703247569,"fish","goldfish","[['F', 'IH1', 'SH']]","[['G', 'OW1', 'L', 'D', 'F', 'IH2', 'SH']]",3
703247569,"goldfish","shark","[['G', 'OW1', 'L', 'D', 'F', 'IH2', 'SH']]","[['SH', 'AA1', 'R', 'K']]",1
703247569,"shark","deer","[['SH', 'AA1', 'R', 'K']]","[['D', 'IH1', 'R']]",1
703247569,"deer","buck","[['D', 'IH1', 'R']]","[['B', 'AH1', 'K']]",0
703247569,"buck","squirrel","[['B', 'AH1', 'K']]","[['S', 'K', 'W', 'ER1', 'AH0', 'L']]",1
703247569,"squirrel","raccoon","[['S', 'K', 'W', 'ER1', 'AH0', 'L']]","[['R', 'AE0', 'K', 'UW1', 'N']]",1
703247569,"raccoon","beaver","[['R', 'AE0', 'K', 'UW1', 'N']]","[['B', 'IY1', 'V', 'ER0']]",0
703247569,"beaver","bird","[['B', 'IY1', 'V', 'ER0']]","[['B', 'ER1', 'D']]",1
703247569,"bird","eagle","[['B', 'ER1', 'D']]","[['IY1', 'G', 'AH0', 'L']]",0
703247569,"eagle","tiger","[['IY1', 'G', 'AH0', 'L']]","[['T', 'AY1', 'G', 'ER0']]",1
703247569,"tiger","cheetah","[['T', 'AY1', 'G', 'ER0']]","[['CH', 'IY1', 'T', 'AH0']]",1
703247569,"cheetah","lion","[['CH', 'IY1', 'T', 'AH0']]","[['L', 'AY1', 'AH0', 'N']]",1
703247569,"lion","elephant","[['L', 'AY1', 'AH0', 'N']]","[['EH1', 'L', 'AH0', 'F', 'AH0', 'N', 'T']]",2
703247569,"elephant","skunk","[['EH1', 'L', 'AH0', 'F', 'AH0', 'N', 'T']]","[['S', 'K', 'AH1', 'NG', 'K']]",1
703247569,"skunk","moose","[['S', 'K', 'AH1', 'NG', 'K']]","[['M', 'UW1', 'S']]",1
703247569,"moose","goose","[['M', 'UW1', 'S']]","[['G', 'UW1', 'S']]",2
703247569,"goose","goose","[['G', 'UW1', 'S']]","[['G', 'UW1', 'S']]",3
703247569,"goose","turkey","[['G', 'UW1', 'S']]","[['T', 'ER1', 'K', 'IY0']]",0
717306362,"dolphin","killer","[['D', 'AA1', 'L', 'F', 'AH0', 'N']]","[['K', 'IH1', 'L', 'ER0']]",1
717306362,"killer","whale","[['K', 'IH1', 'L', 'ER0']]","[['W', 'EY1', 'L'], ['HH', 'W', 'EY1', 'L']]",1
717306362,"whale","shark","[['W', 'EY1', 'L'], ['HH', 'W', 'EY1', 'L']]","[['SH', 'AA1', 'R', 'K']]",0
717306362,"shark","seahorse","[['SH', 'AA1', 'R', 'K']]","[['S', 'IY1', 'HH', 'AO1', 'R', 'S']]",1
717306362,"seahorse","penguin","[['S', 'IY1', 'HH', 'AO1', 'R', 'S']]","[['P', 'EH1', 'NG', 'G', 'W', 'AH0', 'N']]",0
717306362,"penguin","giraffe","[['P', 'EH1', 'NG', 'G', 'W', 'AH0', 'N']]","[['JH', 'ER0', 'AE1', 'F']]",0
717306362,"giraffe","elephant","[['JH', 'ER0', 'AE1', 'F']]","[['EH1', 'L', 'AH0', 'F', 'AH0', 'N', 'T']]",1
717306362,"elephant","alligator","[['EH1', 'L', 'AH0', 'F', 'AH0', 'N', 'T']]","[['AE1', 'L', 'AH0', 'G', 'EY2', 'T', 'ER0']]",2
717306362,"alligator","lizard","[['AE1', 'L', 'AH0', 'G', 'EY2', 'T', 'ER0']]","[['L', 'IH1', 'Z', 'ER0', 'D']]",1
717306362,"lizard","bobcat","[['L', 'IH1', 'Z', 'ER0', 'D']]","[['B', 'AA1', 'B', 'K', 'AE2', 'T']]",0
717306362,"bobcat","tiger","[['B', 'AA1', 'B', 'K', 'AE2', 'T']]","[['T', 'AY1', 'G', 'ER0']]",1
717306362,"tiger","leopard","[['T', 'AY1', 'G', 'ER0']]","[['L', 'EH1', 'P', 'ER0', 'D']]",1
717306362,"leopard","jaguar","[['L', 'EH1', 'P', 'ER0', 'D']]","[['JH', 'AE1', 'G', 'W', 'AA2', 'R']]",0
717306362,"jaguar","dog","[['JH', 'AE1', 'G', 'W', 'AA2', 'R']]","[['D', 'AO1', 'G']]",1
717306362,"dog","cat","[['D', 'AO1', 'G']]","[['K', 'AE1', 'T']]",0
717306362,"cat","parrot","[['K', 'AE1', 'T']]","[['P', 'EH1', 'R', 'AH0', 'T']]",1
717306362,"parrot","horse","[['P', 'EH1', 'R', 'AH0', 'T']]","[['HH', 'AO1', 'R', 'S']]",1
207817079,"panther","tiger","[['P', 'AE1', 'N', 'TH', 'ER0']]","[['T', 'AY1', 'G', 'ER0']]",1
207817079,"tiger","bobcat","[['T', 'AY1', 'G', 'ER0']]","[['B', 'AA1', 'B', 'K', 'AE2', 'T']]",1
207817079,"bobcat","dog","[['B', 'AA1', 'B', 'K', 'AE2', 'T']]","[['D', 'AO1', 'G']]",0
207817079,"dog","shepherd","[['D', 'AO1', 'G']]","[['SH', 'EH1', 'P', 'ER0', 'D']]",1
207817079,"shepherd","pigeon","[['SH', 'EH1', 'P', 'ER0', 'D']]","[['P', 'IH1', 'JH', 'AH0', 'N'], ['P', 'IH1', 'JH', 'IH0', 'N']]",1
207817079,"pigeon","falcon","[['P', 'IH1', 'JH', 'AH0', 'N'], ['P', 'IH1', 'JH', 'IH0', 'N']]","[['F', 'AE1', 'L', 'K', 'AH0', 'N']]",2
207817079,"falcon","eagle","[['F', 'AE1', 'L', 'K', 'AH0', 'N']]","[['IY1', 'G', 'AH0', 'L']]",1
207817079,"eagle","fox","[['IY1', 'G', 'AH0', 'L']]","[['F', 'AA1', 'K', 'S']]",0
207817079,"fox","wolf","[['F', 'AA1', 'K', 'S']]","[['W', 'UH1', 'L', 'F']]",1
207817079,"wolf","bear","[['W', 'UH1', 'L', 'F']]","[['B', 'EH1', 'R']]",0
207817079,"bear","buffalo","[['B', 'EH1', 'R']]","[['B', 'AH1', 'F', 'AH0', 'L', 'OW2']]",1
207817079,"buffalo","koala","[['B', 'AH1', 'F', 'AH0', 'L', 'OW2']]","[['K', 'OW0', 'AA1', 'L', 'AH0']]",1
207817079,"koala","polar","[['K', 'OW0', 'AA1', 'L', 'AH0']]","[['P', 'OW1', 'L', 'ER0']]",1
207817079,"polar","penguin","[['P', 'OW1', 'L', 'ER0']]","[['P', 'EH1', 'NG', 'G', 'W', 'AH0', 'N']]",1
207817079,"penguin","kitten","[['P', 'EH1', 'NG', 'G', 'W', 'AH0', 'N']]","[['K', 'IH1', 'T', 'AH0', 'N']]",2
691038073,"penguin","elephant","[['P', 'EH1', 'NG', 'G', 'W', 'AH0', 'N']]","[['EH1', 'L', 'AH0', 'F', 'AH0', 'N', 'T']]",2
691038073,"elephant","zebra","[['EH1', 'L', 'AH0', 'F', 'AH0', 'N', 'T']]","[['Z', 'IY1', 'B', 'R', 'AH0']]",1
691038073,"zebra","flamingo","[['Z', 'IY1', 'B', 'R', 'AH0']]","[['F', 'L', 'AH0', 'M', 'IH1', 'NG', 'G', 'OW0']]",1
691038073,"flamingo","frog","[['F', 'L', 'AH0', 'M', 'IH1', 'NG', 'G', 'OW0']]","[['F', 'R', 'AA1', 'G']]",1
691038073,"frog","dog","[['F', 'R', 'AA1', 'G']]","[['D', 'AO1', 'G']]",1
691038073,"dog","cat","[['D', 'AO1', 'G']]","[['K', 'AE1', 'T']]",0
691038073,"cat","bird","[['K', 'AE1', 'T']]","[['B', 'ER1', 'D']]",0
691038073,"bird","pigeon","[['B', 'ER1', 'D']]","[['P', 'IH1', 'JH', 'AH0', 'N'], ['P', 'IH1', 'JH', 'IH0', 'N']]",0
691038073,"pigeon","seagull","[['P', 'IH1', 'JH', 'AH0', 'N'], ['P', 'IH1', 'JH', 'IH0', 'N']]","[['S', 'IY1', 'G', 'AH2', 'L']]",1
691038073,"seagull","pig","[['S', 'IY1', 'G', 'AH2', 'L']]","[['P', 'IH1', 'G']]",1
691038073,"pig","cow","[['P', 'IH1', 'G']]","[['K', 'AW1']]",0
691038073,"cow","horse","[['K', 'AW1']]","[['HH', 'AO1', 'R', 'S']]",0
691038073,"horse","armadillo","[['HH', 'AO1', 'R', 'S']]","[['AA2', 'R', 'M', 'AH0', 'D', 'IH1', 'L', 'OW0']]",1
691038073,"armadillo","squirrel","[['AA2', 'R', 'M', 'AH0', 'D', 'IH1', 'L', 'OW0']]","[['S', 'K', 'W', 'ER1', 'AH0', 'L']]",1
691038073,"squirrel","mouse","[['S', 'K', 'W', 'ER1', 'AH0', 'L']]","[['M', 'AW1', 'S']]",1
691038073,"mouse","skunk","[['M', 'AW1', 'S']]","[['S', 'K', 'AH1', 'NG', 'K']]",1
691038073,"skunk","raccoon","[['S', 'K', 'AH1', 'NG', 'K']]","[['R', 'AE0', 'K', 'UW1', 'N']]",1
691038073,"raccoon","fox","[['R', 'AE0', 'K', 'UW1', 'N']]","[['F', 'AA1', 'K', 'S']]",1
691038073,"fox","bear","[['F', 'AA1', 'K', 'S']]","[['B', 'EH1', 'R']]",0
691038073,"bear","lion","[['B', 'EH1', 'R']]","[['L', 'AY1', 'AH0', 'N']]",0
691038073,"lion","tiger","[['L', 'AY1', 'AH0', 'N']]","[['T', 'AY1', 'G', 'ER0']]",1
691038073,"tiger","panther","[['T', 'AY1', 'G', 'ER0']]","[['P', 'AE1', 'N', 'TH', 'ER0']]",1
691038073,"panther","cougar","[['P', 'AE1', 'N', 'TH', 'ER0']]","[['K', 'UW1', 'G', 'ER0']]",1
691038073,"cougar","moose","[['K', 'UW1', 'G', 'ER0']]","[['M', 'UW1', 'S']]",1
691038073,"moose","caribou","[['M', 'UW1', 'S']]","[['K', 'EH1', 'R', 'IH0', 'B', 'UW2']]",1
691038073,"caribou","deer","[['K', 'EH1', 'R', 'IH0', 'B', 'UW2']]","[['D', 'IH1', 'R']]",1
622425100,"cat","dog","[['K', 'AE1', 'T']]","[['D', 'AO1', 'G']]",0
622425100,"dog","fish","[['D', 'AO1', 'G']]","[['F', 'IH1', 'SH']]",0
622425100,"fish","turtle","[['F', 'IH1', 'SH']]","[['T', 'ER1', 'T', 'AH0', 'L']]",0
622425100,"turtle","bird","[['T', 'ER1', 'T', 'AH0', 'L']]","[['B', 'ER1', 'D']]",1
622425100,"bird","alligator","[['B', 'ER1', 'D']]","[['AE1', 'L', 'AH0', 'G', 'EY2', 'T', 'ER0']]",1
622425100,"alligator","tiger","[['AE1', 'L', 'AH0', 'G', 'EY2', 'T', 'ER0']]","[['T', 'AY1', 'G', 'ER0']]",1
622425100,"tiger","lion","[['T', 'AY1', 'G', 'ER0']]","[['L', 'AY1', 'AH0', 'N']]",1
622425100,"lion","monkey","[['L', 'AY1', 'AH0', 'N']]","[['M', 'AH1', 'NG', 'K', 'IY0']]",1
622425100,"monkey","giraffe","[['M', 'AH1', 'NG', 'K', 'IY0']]","[['JH', 'ER0', 'AE1', 'F']]",0
622425100,"giraffe","elephant","[['JH', 'ER0', 'AE1', 'F']]","[['EH1', 'L', 'AH0', 'F', 'AH0', 'N', 'T']]",1
622425100,"elephant","snake","[['EH1', 'L', 'AH0', 'F', 'AH0', 'N', 'T']]","[['S', 'N', 'EY1', 'K']]",1
622425100,"snake","frog","[['S', 'N', 'EY1', 'K']]","[['F', 'R', 'AA1', 'G']]",0
622425100,"frog","worm","[['F', 'R', 'AA1', 'G']]","[['W', 'ER1', 'M']]",0
622425100,"worm","bear","[['W', 'ER1', 'M']]","[['B', 'EH1', 'R']]",0
622425100,"bear","wolf","[['B', 'EH1', 'R']]","[['W', 'UH1', 'L', 'F']]",0
622425100,"wolf","kangaroo","[['W', 'UH1', 'L', 'F']]","[['K', 'AE2', 'NG', 'G', 'ER0', 'UW1']]",0
622425100,"kangaroo","octopus","[['K', 'AE2', 'NG', 'G', 'ER0', 'UW1']]","[['AA1', 'K', 'T', 'AH0', 'P', 'UH2', 'S']]",1
329415851,"deer","raccoon","[['D', 'IH1', 'R']]","[['R', 'AE0', 'K', 'UW1', 'N']]",1
329415851,"raccoon","squirrel","[['R', 'AE0', 'K', 'UW1', 'N']]","[['S', 'K', 'W', 'ER1', 'AH0', 'L']]",1
329415851,"squirrel","possum","[['S', 'K', 'W', 'ER1', 'AH0', 'L']]","[['P', 'AA1', 'S', 'AH0', 'M']]",1
329415851,"possum","dog","[['P', 'AA1', 'S', 'AH0', 'M']]","[['D', 'AO1', 'G']]",0
329415851,"dog","cat","[['D', 'AO1', 'G']]","[['K', 'AE1', 'T']]",0
329415851,"cat","rabbit","[['K', 'AE1', 'T']]","[['R', 'AE1', 'B', 'AH0', 'T'], ['R', 'AE1', 'B', 'IH0', 'T']]",1
329415851,"rabbit","zebra","[['R', 'AE1', 'B', 'AH0', 'T'], ['R', 'AE1', 'B', 'IH0', 'T']]","[['Z', 'IY1', 'B', 'R', 'AH0']]",1
329415851,"zebra","tiger","[['Z', 'IY1', 'B', 'R', 'AH0']]","[['T', 'AY1', 'G', 'ER0']]",0
329415851,"tiger","lion","[['T', 'AY1', 'G', 'ER0']]","[['L', 'AY1', 'AH0', 'N']]",1
329415851,"lion","leopard","[['L', 'AY1', 'AH0', 'N']]","[['L', 'EH1', 'P', 'ER0', 'D']]",1
329415851,"leopard","antelope","[['L', 'EH1', 'P', 'ER0', 'D']]","[['AE1', 'N', 'T', 'AH0', 'L', 'OW2', 'P']]",1
329415851,"antelope","cougar","[['AE1', 'N', 'T', 'AH0', 'L', 'OW2', 'P']]","[['K', 'UW1', 'G', 'ER0']]",0
329415851,"cougar","bear","[['K', 'UW1', 'G', 'ER0']]","[['B', 'EH1', 'R']]",0
329415851,"bear","polar","[['B', 'EH1', 'R']]","[['P', 'OW1', 'L', 'ER0']]",0
329415851,"polar","wolf","[['P', 'OW1', 'L', 'ER0']]","[['W', 'UH1', 'L', 'F']]",1
329415851,"wolf","sheep","[['W', 'UH1', 'L', 'F']]","[['SH', 'IY1', 'P']]",0
329415851,"sheep","goat","[['SH', 'IY1', 'P']]","[['G', 'OW1', 'T']]",0
329415851,"goat","cow","[['G', 'OW1', 'T']]","[['K', 'AW1']]",0
329415851,"cow","horse","[['K', 'AW1']]","[['HH', 'AO1', 'R', 'S']]",0
934821408,"lion","tiger","[['L', 'AY1', 'AH0', 'N']]","[['T', 'AY1', 'G', 'ER0']]",1
934821408,"tiger","giraffe","[['T', 'AY1', 'G', 'ER0']]","[['JH', 'ER0', 'AE1', 'F']]",1
934821408,"giraffe","zebra","[['JH', 'ER0', 'AE1', 'F']]","[['Z', 'IY1', 'B', 'R', 'AH0']]",0
934821408,"zebra","monkey","[['Z', 'IY1', 'B', 'R', 'AH0']]","[['M', 'AH1', 'NG', 'K', 'IY0']]",1
934821408,"monkey","parrot","[['M', 'AH1', 'NG', 'K', 'IY0']]","[['P', 'EH1', 'R', 'AH0', 'T']]",1
934821408,"parrot","goat","[['P', 'EH1', 'R', 'AH0', 'T']]","[['G', 'OW1', 'T']]",1
646817133,"chicken","goat","[['CH', 'IH1', 'K', 'AH0', 'N']]","[['G', 'OW1', 'T']]",0
646817133,"goat","rhino","[['G', 'OW1', 'T']]","[['R', 'AY1', 'N', 'OW2']]",1
646817133,"rhino","cow","[['R', 'AY1', 'N', 'OW2']]","[['K', 'AW1']]",0
646817133,"cow","horse","[['K', 'AW1']]","[['HH', 'AO1', 'R', 'S']]",0
646817133,"horse","cat","[['HH', 'AO1', 'R', 'S']]","[['K', 'AE1', 'T']]",0
646817133,"cat","dog","[['K', 'AE1', 'T']]","[['D', 'AO1', 'G']]",0
646817133,"dog","elephant","[['D', 'AO1', 'G']]","[['EH1', 'L', 'AH0', 'F', 'AH0', 'N', 'T']]",0
646817133,"elephant","zebra","[['EH1', 'L', 'AH0', 'F', 'AH0', 'N', 'T']]","[['Z', 'IY1', 'B', 'R', 'AH0']]",1
646817133,"zebra","lion","[['Z', 'IY1', 'B', 'R', 'AH0']]","[['L', 'AY1', 'AH0', 'N']]",1
646817133,"lion","bird","[['L', 'AY1', 'AH0', 'N']]","[['B', 'ER1', 'D']]",0
646817133,"bird","panda","[['B', 'ER1', 'D']]","[['P', 'AE1', 'N', 'D', 'AH0']]",1
646817133,"panda","polar","[['P', 'AE1', 'N', 'D', 'AH0']]","[['P', 'OW1', 'L', 'ER0']]",1
808413379,"ant","anteater","[['AE1', 'N', 'T']]","[['AE1', 'N', 'T', 'IY2', 'T', 'ER0']]",3
808413379,"anteater","giraffe","[['AE1', 'N', 'T', 'IY2', 'T', 'ER0']]","[['JH', 'ER0', 'AE1', 'F']]",1
808413379,"giraffe","elephant","[['JH', 'ER0', 'AE1', 'F']]","[['EH1', 'L', 'AH0', 'F', 'AH0', 'N', 'T']]",1
808413379,"elephant","lion","[['EH1', 'L', 'AH0', 'F', 'AH0', 'N', 'T']]","[['L', 'AY1', 'AH0', 'N']]",2
808413379,"lion","tiger","[['L', 'AY1', 'AH0', 'N']]","[['T', 'AY1', 'G', 'ER0']]",1
808413379,"tiger","dog","[['T', 'AY1', 'G', 'ER0']]","[['D', 'AO1', 'G']]",1
808413379,"dog","cat","[['D', 'AO1', 'G']]","[['K', 'AE1', 'T']]",0
808413379,"cat","fish","[['K', 'AE1', 'T']]","[['F', 'IH1', 'SH']]",0
808413379,"fish","monkey","[['F', 'IH1', 'SH']]","[['M', 'AH1', 'NG', 'K', 'IY0']]",0
808413379,"monkey","hippo","[['M', 'AH1', 'NG', 'K', 'IY0']]","[['HH', 'IH1', 'P', 'OW0']]",0
808413379,"hippo","rhino","[['HH', 'IH1', 'P', 'OW0']]","[['R', 'AY1', 'N', 'OW2']]",1
808413379,"rhino","ape","[['R', 'AY1', 'N', 'OW2']]","[['EY1', 'P']]",0
808413379,"ape","shark","[['EY1', 'P']]","[['SH', 'AA1', 'R', 'K']]",0
808413379,"shark","dolphin","[['SH', 'AA1', 'R', 'K']]","[['D', 'AA1', 'L', 'F', 'AH0', 'N']]",1
808413379,"dolphin","seal","[['D', 'AA1', 'L', 'F', 'AH0', 'N']]","[['S', 'IY1', 'L']]",1
808413379,"seal","polar","[['S', 'IY1', 'L']]","[['P', 'OW1', 'L', 'ER0']]",1
808413379,"polar","bear","[['P', 'OW1', 'L', 'ER0']]","[['B', 'EH1', 'R']]",0
808413379,"bear","bird","[['B', 'EH1', 'R']]","[['B', 'ER1', 'D']]",1
808413379,"bird","crane","[['B', 'ER1', 'D']]","[['K', 'R', 'EY1', 'N']]",0
808413379,"crane","swan","[['K', 'R', 'EY1', 'N']]","[['S', 'W', 'AA1', 'N'], ['S', 'W', 'AO1', 'N']]",1
808413379,"swan","pigeon","[['S', 'W', 'AA1', 'N'], ['S', 'W', 'AO1', 'N']]","[['P', 'IH1', 'JH', 'AH0', 'N'], ['P', 'IH1', 'JH', 'IH0', 'N']]",1
808413379,"pigeon","dragonfly","[['P', 'IH1', 'JH', 'AH0', 'N'], ['P', 'IH1', 'JH', 'IH0', 'N']]","[['D', 'R', 'AA1', 'G', 'OW0', 'EH1', 'N', 'F', 'L', 'AY1']]",1
446923901,"tiger","lion","[['T', 'AY1', 'G', 'ER0']]","[['L', 'AY1', 'AH0', 'N']]",1
446923901,"lion","elephant","[['L', 'AY1', 'AH0', 'N']]","[['EH1', 'L', 'AH0', 'F', 'AH0', 'N', 'T']]",2
446923901,"elephant","sealion","[['EH1', 'L', 'AH0', 'F', 'AH0', 'N', 'T']]","[['S', 'IY1', 'L', 'AY1', 'AH0', 'N'], ['S', 'IY1', 'L', 'AY1', 'AA2', 'N']]",2
446923901,"sealion","dolphin","[['S', 'IY1', 'L', 'AY1', 'AH0', 'N'], ['S', 'IY1', 'L', 'AY1', 'AA2', 'N']]","[['D', 'AA1', 'L', 'F', 'AH0', 'N']]",2
446923901,"dolphin","catfish","[['D', 'AA1', 'L', 'F', 'AH0', 'N']]","[['K', 'AE1', 'T', 'F', 'IH2', 'SH']]",1
446923901,"catfish","penguin","[['K', 'AE1', 'T', 'F', 'IH2', 'SH']]","[['P', 'EH1', 'NG', 'G', 'W', 'AH0', 'N']]",0
446923901,"penguin","monkey","[['P', 'EH1', 'NG', 'G', 'W', 'AH0', 'N']]","[['M', 'AH1', 'NG', 'K', 'IY0']]",1
446923901,"monkey","shark","[['M', 'AH1', 'NG', 'K', 'IY0']]","[['SH', 'AA1', 'R', 'K']]",1
446923901,"shark","whale","[['SH', 'AA1', 'R', 'K']]","[['W', 'EY1', 'L'], ['HH', 'W', 'EY1', 'L']]",0
446923901,"whale","tigerfish","[['W', 'EY1', 'L'], ['HH', 'W', 'EY1', 'L']]","[['T', 'AY1', 'G', 'ER0', 'F', 'IH1', 'SH']]",0
76268972,"frog","horse","[['F', 'R', 'AA1', 'G']]","[['HH', 'AO1', 'R', 'S']]",1
76268972,"horse","tiger","[['HH', 'AO1', 'R', 'S']]","[['T', 'AY1', 'G', 'ER0']]",0
76268972,"tiger","lion","[['T', 'AY1', 'G', 'ER0']]","[['L', 'AY1', 'AH0', 'N']]",1
76268972,"lion","seahorse","[['L', 'AY1', 'AH0', 'N']]","[['S', 'IY1', 'HH', 'AO1', 'R', 'S']]",0
76268972,"seahorse","sealion","[['S', 'IY1', 'HH', 'AO1', 'R', 'S']]","[['S', 'IY1', 'L', 'AY1', 'AH0', 'N'], ['S', 'IY1', 'L', 'AY1', 'AA2', 'N']]",2
76268972,"sealion","hippo","[['S', 'IY1', 'L', 'AY1', 'AH0', 'N'], ['S', 'IY1', 'L', 'AY1', 'AA2', 'N']]","[['HH', 'IH1', 'P', 'OW0']]",0
76268972,"hippo","dolphin","[['HH', 'IH1', 'P', 'OW0']]","[['D', 'AA1', 'L', 'F', 'AH0', 'N']]",0
76268972,"dolphin","shark","[['D', 'AA1', 'L', 'F', 'AH0', 'N']]","[['SH', 'AA1', 'R', 'K']]",1
76268972,"shark","fish","[['SH', 'AA1', 'R', 'K']]","[['F', 'IH1', 'SH']]",1
76268972,"fish","zebra","[['F', 'IH1', 'SH']]","[['Z', 'IY1', 'B', 'R', 'AH0']]",0
76268972,"zebra","gazelle","[['Z', 'IY1', 'B', 'R', 'AH0']]","[['G', 'AH0', 'Z', 'EH1', 'L']]",1
76268972,"gazelle","tiger","[['G', 'AH0', 'Z', 'EH1', 'L']]","[['T', 'AY1', 'G', 'ER0']]",1
76268972,"tiger","alligator","[['T', 'AY1', 'G', 'ER0']]","[['AE1', 'L', 'AH0', 'G', 'EY2', 'T', 'ER0']]",1
76268972,"alligator","crocodile","[['AE1', 'L', 'AH0', 'G', 'EY2', 'T', 'ER0']]","[['K', 'R', 'AA1', 'K', 'AH0', 'D', 'AY2', 'L']]",1
76268972,"crocodile","giraffe","[['K', 'R', 'AA1', 'K', 'AH0', 'D', 'AY2', 'L']]","[['JH', 'ER0', 'AE1', 'F']]",0
76268972,"giraffe","elephant","[['JH', 'ER0', 'AE1', 'F']]","[['EH1', 'L', 'AH0', 'F', 'AH0', 'N', 'T']]",1
444854330,"dog","cat","[['D', 'AO1', 'G']]","[['K', 'AE1', 'T']]",0
444854330,"cat","chicken","[['K', 'AE1', 'T']]","[['CH', 'IH1', 'K', 'AH0', 'N']]",1
444854330,"chicken","rooster","[['CH', 'IH1', 'K', 'AH0', 'N']]","[['R', 'UW1', 'S', 'T', 'ER0']]",0
444854330,"rooster","pig","[['R', 'UW1', 'S', 'T', 'ER0']]","[['P', 'IH1', 'G']]",0
444854330,"pig","bird","[['P', 'IH1', 'G']]","[['B', 'ER1', 'D']]",0
444854330,"bird","horse","[['B', 'ER1', 'D']]","[['HH', 'AO1', 'R', 'S']]",0
444854330,"horse","cow","[['HH', 'AO1', 'R', 'S']]","[['K', 'AW1']]",0
444854330,"cow","zebra","[['K', 'AW1']]","[['Z', 'IY1', 'B', 'R', 'AH0']]",0
444854330,"zebra","cheetah","[['Z', 'IY1', 'B', 'R', 'AH0']]","[['CH', 'IY1', 'T', 'AH0']]",1
444854330,"cheetah","leopard","[['CH', 'IY1', 'T', 'AH0']]","[['L', 'EH1', 'P', 'ER0', 'D']]",0
444854330,"leopard","bear","[['L', 'EH1', 'P', 'ER0', 'D']]","[['B', 'EH1', 'R']]",1
444854330,"bear","walrus","[['B', 'EH1', 'R']]","[['W', 'AO1', 'L', 'R', 'AH0', 'S']]",1
444854330,"walrus","seal","[['W', 'AO1', 'L', 'R', 'AH0', 'S']]","[['S', 'IY1', 'L']]",1
444854330,"seal","dolphin","[['S', 'IY1', 'L']]","[['D', 'AA1', 'L', 'F', 'AH0', 'N']]",1
444854330,"dolphin","giraffe","[['D', 'AA1', 'L', 'F', 'AH0', 'N']]","[['JH', 'ER0', 'AE1', 'F']]",1
444854330,"giraffe","elephant","[['JH', 'ER0', 'AE1', 'F']]","[['EH1', 'L', 'AH0', 'F', 'AH0', 'N', 'T']]",1
444854330,"elephant","monkey","[['EH1', 'L', 'AH0', 'F', 'AH0', 'N', 'T']]","[['M', 'AH1', 'NG', 'K', 'IY0']]",1
444854330,"monkey","spider","[['M', 'AH1', 'NG', 'K', 'IY0']]","[['S', 'P', 'AY1', 'D', 'ER0']]",0
444854330,"spider","snake","[['S', 'P', 'AY1', 'D', 'ER0']]","[['S', 'N', 'EY1', 'K']]",1
721617311,"elephant","zebra","[['EH1', 'L', 'AH0', 'F', 'AH0', 'N', 'T']]","[['Z', 'IY1', 'B', 'R', 'AH0']]",1
721617311,"zebra","bird","[['Z', 'IY1', 'B', 'R', 'AH0']]","[['B', 'ER1', 'D']]",1
721617311,"bird","dog","[['B', 'ER1', 'D']]","[['D', 'AO1', 'G']]",1
721617311,"dog","cat","[['D', 'AO1', 'G']]","[['K', 'AE1', 'T']]",0
721617311,"cat","fish","[['K', 'AE1', 'T']]","[['F', 'IH1', 'SH']]",0
721617311,"fish","lion","[['F', 'IH1', 'SH']]","[['L', 'AY1', 'AH0', 'N']]",0
721617311,"lion","tiger","[['L', 'AY1', 'AH0', 'N']]","[['T', 'AY1', 'G', 'ER0']]",1
721617311,"tiger","deer","[['T', 'AY1', 'G', 'ER0']]","[['D', 'IH1', 'R']]",0
721617311,"deer","hippo","[['D', 'IH1', 'R']]","[['HH', 'IH1', 'P', 'OW0']]",1
737589046,"horse","wolf","[['HH', 'AO1', 'R', 'S']]","[['W', 'UH1', 'L', 'F']]",0
737589046,"wolf","dog","[['W', 'UH1', 'L', 'F']]","[['D', 'AO1', 'G']]",0
737589046,"dog","cow","[['D', 'AO1', 'G']]","[['K', 'AW1']]",0
737589046,"cow","hyena","[['K', 'AW1']]","[['HH', 'AY0', 'IY1', 'N', 'AH0']]",0
737589046,"hyena","lion","[['HH', 'AY0', 'IY1', 'N', 'AH0']]","[['L', 'AY1', 'AH0', 'N']]",1
737589046,"lion","tiger","[['L', 'AY1', 'AH0', 'N']]","[['T', 'AY1', 'G', 'ER0']]",1
737589046,"tiger","bear","[['T', 'AY1', 'G', 'ER0']]","[['B', 'EH1', 'R']]",0
737589046,"bear","cheetah","[['B', 'EH1', 'R']]","[['CH', 'IY1', 'T', 'AH0']]",0
737589046,"cheetah","walrus","[['CH', 'IY1', 'T', 'AH0']]","[['W', 'AO1', 'L', 'R', 'AH0', 'S']]",1
737589046,"walrus","seal","[['W', 'AO1', 'L', 'R', 'AH0', 'S']]","[['S', 'IY1', 'L']]",1
737589046,"seal","polar","[['S', 'IY1', 'L']]","[['P', 'OW1', 'L', 'ER0']]",1
737589046,"polar","porcupine","[['P', 'OW1', 'L', 'ER0']]","[['P', 'AO1', 'R', 'K', 'Y', 'AH0', 'P', 'AY2', 'N']]",1
737589046,"porcupine","horse","[['P', 'AO1', 'R', 'K', 'Y', 'AH0', 'P', 'AY2', 'N']]","[['HH', 'AO1', 'R', 'S']]",2
737589046,"horse","bull","[['HH', 'AO1', 'R', 'S']]","[['B', 'UH1', 'L']]",0
737589046,"bull","bull","[['B', 'UH1', 'L']]","[['B', 'UH1', 'L']]",3
737589046,"bull","oxen","[['B', 'UH1', 'L']]","[['AA1', 'K', 'S', 'AH0', 'N']]",0
527814045,"dog","cat","[['D', 'AO1', 'G']]","[['K', 'AE1', 'T']]",0
527814045,"cat","bird","[['K', 'AE1', 'T']]","[['B', 'ER1', 'D']]",0
527814045,"bird","pig","[['B', 'ER1', 'D']]","[['P', 'IH1', 'G']]",0
527814045,"pig","elephant","[['P', 'IH1', 'G']]","[['EH1', 'L', 'AH0', 'F', 'AH0', 'N', 'T']]",0
527814045,"elephant","giraffe","[['EH1', 'L', 'AH0', 'F', 'AH0', 'N', 'T']]","[['JH', 'ER0', 'AE1', 'F']]",1
527814045,"giraffe","alligator","[['JH', 'ER0', 'AE1', 'F']]","[['AE1', 'L', 'AH0', 'G', 'EY2', 'T', 'ER0']]",1
527814045,"alligator","snake","[['AE1', 'L', 'AH0', 'G', 'EY2', 'T', 'ER0']]","[['S', 'N', 'EY1', 'K']]",1
527814045,"snake","frog","[['S', 'N', 'EY1', 'K']]","[['F', 'R', 'AA1', 'G']]",0
527814045,"frog","fish","[['F', 'R', 'AA1', 'G']]","[['F', 'IH1', 'SH']]",1
527814045,"fish","groundhog","[['F', 'IH1', 'SH']]","[['G', 'R', 'AW1', 'N', 'D', 'HH', 'AA2', 'G']]",0
527814045,"groundhog","boar","[['G', 'R', 'AW1', 'N', 'D', 'HH', 'AA2', 'G']]","[['B', 'AO1', 'R']]",1
527814045,"boar","lion","[['B', 'AO1', 'R']]","[['L', 'AY1', 'AH0', 'N']]",0
527814045,"lion","tiger","[['L', 'AY1', 'AH0', 'N']]","[['T', 'AY1', 'G', 'ER0']]",1
527814045,"tiger","wolf","[['T', 'AY1', 'G', 'ER0']]","[['W', 'UH1', 'L', 'F']]",0
527814045,"wolf","coyote","[['W', 'UH1', 'L', 'F']]","[['K', 'AY0', 'OW1', 'T', 'IY0'], ['K', 'AY1', 'OW0', 'T']]",0
527814045,"coyote","chicken","[['K', 'AY0', 'OW1', 'T', 'IY0'], ['K', 'AY1', 'OW0', 'T']]","[['CH', 'IH1', 'K', 'AH0', 'N']]",1
527814045,"chicken","rooster","[['CH', 'IH1', 'K', 'AH0', 'N']]","[['R', 'UW1', 'S', 'T', 'ER0']]",0
527814045,"rooster","bunny","[['R', 'UW1', 'S', 'T', 'ER0']]","[['B', 'AH1', 'N', 'IY0']]",0
476404525,"cat","dog","[['K', 'AE1', 'T']]","[['D', 'AO1', 'G']]",0
476404525,"dog","dolphin","[['D', 'AO1', 'G']]","[['D', 'AA1', 'L', 'F', 'AH0', 'N']]",1
476404525,"dolphin","shark","[['D', 'AA1', 'L', 'F', 'AH0', 'N']]","[['SH', 'AA1', 'R', 'K']]",1
476404525,"shark","alligator","[['SH', 'AA1', 'R', 'K']]","[['AE1', 'L', 'AH0', 'G', 'EY2', 'T', 'ER0']]",0
476404525,"alligator","crocodile","[['AE1', 'L', 'AH0', 'G', 'EY2', 'T', 'ER0']]","[['K', 'R', 'AA1', 'K', 'AH0', 'D', 'AY2', 'L']]",1
476404525,"crocodile","bird","[['K', 'R', 'AA1', 'K', 'AH0', 'D', 'AY2', 'L']]","[['B', 'ER1', 'D']]",1
476404525,"bird","bear","[['B', 'ER1', 'D']]","[['B', 'EH1', 'R']]",1
476404525,"bear","coyote","[['B', 'EH1', 'R']]","[['K', 'AY0', 'OW1', 'T', 'IY0'], ['K', 'AY1', 'OW0', 'T']]",0
476404525,"coyote","wolf","[['K', 'AY0', 'OW1', 'T', 'IY0'], ['K', 'AY1', 'OW0', 'T']]","[['W', 'UH1', 'L', 'F']]",0
476404525,"wolf","fish","[['W', 'UH1', 'L', 'F']]","[['F', 'IH1', 'SH']]",1
476404525,"fish","seahorse","[['F', 'IH1', 'SH']]","[['S', 'IY1', 'HH', 'AO1', 'R', 'S']]",0
476404525,"seahorse","snail","[['S', 'IY1', 'HH', 'AO1', 'R', 'S']]","[['S', 'N', 'EY1', 'L']]",1
476404525,"snail","koala","[['S', 'N', 'EY1', 'L']]","[['K', 'OW0', 'AA1', 'L', 'AH0']]",1
476404525,"koala","panda","[['K', 'OW0', 'AA1', 'L', 'AH0']]","[['P', 'AE1', 'N', 'D', 'AH0']]",1
476404525,"panda","grizzly","[['P', 'AE1', 'N', 'D', 'AH0']]","[['G', 'R', 'IH1', 'Z', 'L', 'IY0']]",0
476404525,"grizzly","hyena","[['G', 'R', 'IH1', 'Z', 'L', 'IY0']]","[['HH', 'AY0', 'IY1', 'N', 'AH0']]",1
476404525,"hyena","snake","[['HH', 'AY0', 'IY1', 'N', 'AH0']]","[['S', 'N', 'EY1', 'K']]",1
476404525,"snake","frog","[['S', 'N', 'EY1', 'K']]","[['F', 'R', 'AA1', 'G']]",0
476404525,"frog","toad","[['F', 'R', 'AA1', 'G']]","[['T', 'OW1', 'D']]",0
476404525,"toad","lion","[['T', 'OW1', 'D']]","[['L', 'AY1', 'AH0', 'N']]",0
476404525,"lion","leopard","[['L', 'AY1', 'AH0', 'N']]","[['L', 'EH1', 'P', 'ER0', 'D']]",1
264341145,"lion","bear","[['L', 'AY1', 'AH0', 'N']]","[['B', 'EH1', 'R']]",0
264341145,"bear","lion","[['B', 'EH1', 'R']]","[['L', 'AY1', 'AH0', 'N']]",0
264341145,"lion","cat","[['L', 'AY1', 'AH0', 'N']]","[['K', 'AE1', 'T']]",0
264341145,"cat","dog","[['K', 'AE1', 'T']]","[['D', 'AO1', 'G']]",0
264341145,"dog","lizard","[['D', 'AO1', 'G']]","[['L', 'IH1', 'Z', 'ER0', 'D']]",1
264341145,"lizard","bird","[['L', 'IH1', 'Z', 'ER0', 'D']]","[['B', 'ER1', 'D']]",2
264341145,"bird","falcon","[['B', 'ER1', 'D']]","[['F', 'AE1', 'L', 'K', 'AH0', 'N']]",0
264341145,"falcon","pelican","[['F', 'AE1', 'L', 'K', 'AH0', 'N']]","[['P', 'EH1', 'L', 'AH0', 'K', 'AH0', 'N']]",3
264341145,"pelican","warthog","[['P', 'EH1', 'L', 'AH0', 'K', 'AH0', 'N']]","[['W', 'AO1', 'R', 'T', 'HH', 'AA1', 'G']]",0
264341145,"warthog","pig","[['W', 'AO1', 'R', 'T', 'HH', 'AA1', 'G']]","[['P', 'IH1', 'G']]",1
264341145,"pig","horse","[['P', 'IH1', 'G']]","[['HH', 'AO1', 'R', 'S']]",0
264341145,"horse","chicken","[['HH', 'AO1', 'R', 'S']]","[['CH', 'IH1', 'K', 'AH0', 'N']]",0
264341145,"chicken","hog","[['CH', 'IH1', 'K', 'AH0', 'N']]","[['HH', 'AA1', 'G']]",0
264341145,"hog","sabertoothcat","[['HH', 'AA1', 'G']]","[['S', 'EY1', 'B', 'ER0', 'T', 'UW1', 'T', 'EY1', 'CH', 'K', 'AE1', 'T']]",0
264341145,"sabertoothcat","duck","[['S', 'EY1', 'B', 'ER0', 'T', 'UW1', 'T', 'EY1', 'CH', 'K', 'AE1', 'T']]","[['D', 'AH1', 'K']]",1
551600991,"dog","cat","[['D', 'AO1', 'G']]","[['K', 'AE1', 'T']]",0
551600991,"cat","horse","[['K', 'AE1', 'T']]","[['HH', 'AO1', 'R', 'S']]",0
551600991,"horse","turtle","[['HH', 'AO1', 'R', 'S']]","[['T', 'ER1', 'T', 'AH0', 'L']]",0
551600991,"turtle","ape","[['T', 'ER1', 'T', 'AH0', 'L']]","[['EY1', 'P']]",0
551600991,"ape","monkey","[['EY1', 'P']]","[['M', 'AH1', 'NG', 'K', 'IY0']]",0
551600991,"monkey","pony","[['M', 'AH1', 'NG', 'K', 'IY0']]","[['P', 'OW1', 'N', 'IY0']]",1
551600991,"pony","tiger","[['P', 'OW1', 'N', 'IY0']]","[['T', 'AY1', 'G', 'ER0']]",0
551600991,"tiger","shark","[['T', 'AY1', 'G', 'ER0']]","[['SH', 'AA1', 'R', 'K']]",0
551600991,"shark","lizard","[['SH', 'AA1', 'R', 'K']]","[['L', 'IH1', 'Z', 'ER0', 'D']]",0
551600991,"lizard","gecko","[['L', 'IH1', 'Z', 'ER0', 'D']]","[['G', 'EH1', 'K', 'OW0']]",0
551600991,"gecko","ant","[['G', 'EH1', 'K', 'OW0']]","[['AE1', 'N', 'T']]",0
551600991,"ant","worm","[['AE1', 'N', 'T']]","[['W', 'ER1', 'M']]",0
551600991,"worm","bird","[['W', 'ER1', 'M']]","[['B', 'ER1', 'D']]",1
551600991,"bird","bear","[['B', 'ER1', 'D']]","[['B', 'EH1', 'R']]",1
551600991,"bear","goat","[['B', 'EH1', 'R']]","[['G', 'OW1', 'T']]",0
551600991,"goat","deer","[['G', 'OW1', 'T']]","[['D', 'IH1', 'R']]",0
551600991,"deer","lion","[['D', 'IH1', 'R']]","[['L', 'AY1', 'AH0', 'N']]",0
55300236,"lion","tiger","[['L', 'AY1', 'AH0', 'N']]","[['T', 'AY1', 'G', 'ER0']]",1
55300236,"tiger","flamingo","[['T', 'AY1', 'G', 'ER0']]","[['F', 'L', 'AH0', 'M', 'IH1', 'NG', 'G', 'OW0']]",1
55300236,"flamingo","monkey","[['F', 'L', 'AH0', 'M', 'IH1', 'NG', 'G', 'OW0']]","[['M', 'AH1', 'NG', 'K', 'IY0']]",1
55300236,"monkey","whale","[['M', 'AH1', 'NG', 'K', 'IY0']]","[['W', 'EY1', 'L'], ['HH', 'W', 'EY1', 'L']]",0
55300236,"whale","fish","[['W', 'EY1', 'L'], ['HH', 'W', 'EY1', 'L']]","[['F', 'IH1', 'SH']]",0
55300236,"fish","shark","[['F', 'IH1', 'SH']]","[['SH', 'AA1', 'R', 'K']]",1
55300236,"shark","panther","[['SH', 'AA1', 'R', 'K']]","[['P', 'AE1', 'N', 'TH', 'ER0']]",0
55300236,"panther","cat","[['P', 'AE1', 'N', 'TH', 'ER0']]","[['K', 'AE1', 'T']]",1
55300236,"cat","dog","[['K', 'AE1', 'T']]","[['D', 'AO1', 'G']]",0
55300236,"dog","snake","[['D', 'AO1', 'G']]","[['S', 'N', 'EY1', 'K']]",0
55300236,"snake","turtle","[['S', 'N', 'EY1', 'K']]","[['T', 'ER1', 'T', 'AH0', 'L']]",0
55300236,"turtle","turtle","[['T', 'ER1', 'T', 'AH0', 'L']]","[['T', 'ER1', 'T', 'AH0', 'L']]",5
55300236,"turtle","crab","[['T', 'ER1', 'T', 'AH0', 'L']]","[['K', 'R', 'AE1', 'B']]",0
55300236,"crab","squid","[['K', 'R', 'AE1', 'B']]","[['S', 'K', 'W', 'IH1', 'D']]",1
55300236,"squid","octopus","[['S', 'K', 'W', 'IH1', 'D']]","[['AA1', 'K', 'T', 'AH0', 'P', 'UH2', 'S']]",1
6888864,"pig","cow","[['P', 'IH1', 'G']]","[['K', 'AW1']]",0
6888864,"cow","horse","[['K', 'AW1']]","[['HH', 'AO1', 'R', 'S']]",0
6888864,"horse","cat","[['HH', 'AO1', 'R', 'S']]","[['K', 'AE1', 'T']]",0
6888864,"cat","fish","[['K', 'AE1', 'T']]","[['F', 'IH1', 'SH']]",0
6888864,"fish","dog","[['F', 'IH1', 'SH']]","[['D', 'AO1', 'G']]",0
6888864,"dog","monkey","[['D', 'AO1', 'G']]","[['M', 'AH1', 'NG', 'K', 'IY0']]",0
6888864,"monkey","alligator","[['M', 'AH1', 'NG', 'K', 'IY0']]","[['AE1', 'L', 'AH0', 'G', 'EY2', 'T', 'ER0']]",1
6888864,"alligator","monkey","[['AE1', 'L', 'AH0', 'G', 'EY2', 'T', 'ER0']]","[['M', 'AH1', 'NG', 'K', 'IY0']]",1
6888864,"monkey","hippo","[['M', 'AH1', 'NG', 'K', 'IY0']]","[['HH', 'IH1', 'P', 'OW0']]",0
6888864,"hippo","dolphin","[['HH', 'IH1', 'P', 'OW0']]","[['D', 'AA1', 'L', 'F', 'AH0', 'N']]",0
6888864,"dolphin","shark","[['D', 'AA1', 'L', 'F', 'AH0', 'N']]","[['SH', 'AA1', 'R', 'K']]",1
6888864,"shark","rainbow","[['SH', 'AA1', 'R', 'K']]","[['R', 'EY1', 'N', 'B', 'OW2']]",1
238652912,"dog","cat","[['D', 'AO1', 'G']]","[['K', 'AE1', 'T']]",0
238652912,"cat","pig","[['K', 'AE1', 'T']]","[['P', 'IH1', 'G']]",0
238652912,"pig","cow","[['P', 'IH1', 'G']]","[['K', 'AW1']]",0
238652912,"cow","chicken","[['K', 'AW1']]","[['CH', 'IH1', 'K', 'AH0', 'N']]",1
238652912,"chicken","elephant","[['CH', 'IH1', 'K', 'AH0', 'N']]","[['EH1', 'L', 'AH0', 'F', 'AH0', 'N', 'T']]",2
238652912,"elephant","monkey","[['EH1', 'L', 'AH0', 'F', 'AH0', 'N', 'T']]","[['M', 'AH1', 'NG', 'K', 'IY0']]",1
238652912,"monkey","fish","[['M', 'AH1', 'NG', 'K', 'IY0']]","[['F', 'IH1', 'SH']]",0
238652912,"fish","giraffe","[['F', 'IH1', 'SH']]","[['JH', 'ER0', 'AE1', 'F']]",1
238652912,"giraffe","dolphin","[['JH', 'ER0', 'AE1', 'F']]","[['D', 'AA1', 'L', 'F', 'AH0', 'N']]",1
238652912,"dolphin","dolphin","[['D', 'AA1', 'L', 'F', 'AH0', 'N']]","[['D', 'AA1', 'L', 'F', 'AH0', 'N']]",6
238652912,"dolphin","zebra","[['D', 'AA1', 'L', 'F', 'AH0', 'N']]","[['Z', 'IY1', 'B', 'R', 'AH0']]",1
238652912,"zebra","shark","[['Z', 'IY1', 'B', 'R', 'AH0']]","[['SH', 'AA1', 'R', 'K']]",1
238652912,"shark","turtle","[['SH', 'AA1', 'R', 'K']]","[['T', 'ER1', 'T', 'AH0', 'L']]",0
238652912,"turtle","cow","[['T', 'ER1', 'T', 'AH0', 'L']]","[['K', 'AW1']]",0
638734288,"elephant","giraffe","[['EH1', 'L', 'AH0', 'F', 'AH0', 'N', 'T']]","[['JH', 'ER0', 'AE1', 'F']]",1
638734288,"giraffe","turtle","[['JH', 'ER0', 'AE1', 'F']]","[['T', 'ER1', 'T', 'AH0', 'L']]",1
638734288,"turtle","zebra","[['T', 'ER1', 'T', 'AH0', 'L']]","[['Z', 'IY1', 'B', 'R', 'AH0']]",1
638734288,"zebra","monkey","[['Z', 'IY1', 'B', 'R', 'AH0']]","[['M', 'AH1', 'NG', 'K', 'IY0']]",1
638734288,"monkey","dog","[['M', 'AH1', 'NG', 'K', 'IY0']]","[['D', 'AO1', 'G']]",0
638734288,"dog","cat","[['D', 'AO1', 'G']]","[['K', 'AE1', 'T']]",0
638734288,"cat","lizard","[['K', 'AE1', 'T']]","[['L', 'IH1', 'Z', 'ER0', 'D']]",0
638734288,"lizard","dinosaur","[['L', 'IH1', 'Z', 'ER0', 'D']]","[['D', 'AY1', 'N', 'AH0', 'S', 'AO2', 'R']]",1
638734288,"dinosaur","bear","[['D', 'AY1', 'N', 'AH0', 'S', 'AO2', 'R']]","[['B', 'EH1', 'R']]",1
638734288,"bear","dragon","[['B', 'EH1', 'R']]","[['D', 'R', 'AE1', 'G', 'AH0', 'N']]",1
638734288,"dragon","horse","[['D', 'R', 'AE1', 'G', 'AH0', 'N']]","[['HH', 'AO1', 'R', 'S']]",1
638734288,"horse","pig","[['HH', 'AO1', 'R', 'S']]","[['P', 'IH1', 'G']]",0
638734288,"pig","cow","[['P', 'IH1', 'G']]","[['K', 'AW1']]",0
638734288,"cow","bird","[['K', 'AW1']]","[['B', 'ER1', 'D']]",0
916116599,"lion","zebra","[['L', 'AY1', 'AH0', 'N']]","[['Z', 'IY1', 'B', 'R', 'AH0']]",1
916116599,"zebra","cheetah","[['Z', 'IY1', 'B', 'R', 'AH0']]","[['CH', 'IY1', 'T', 'AH0']]",1
916116599,"cheetah","leopard","[['CH', 'IY1', 'T', 'AH0']]","[['L', 'EH1', 'P', 'ER0', 'D']]",0
916116599,"leopard","elephant","[['L', 'EH1', 'P', 'ER0', 'D']]","[['EH1', 'L', 'AH0', 'F', 'AH0', 'N', 'T']]",1
916116599,"elephant","zebra","[['EH1', 'L', 'AH0', 'F', 'AH0', 'N', 'T']]","[['Z', 'IY1', 'B', 'R', 'AH0']]",1
916116599,"zebra","snake","[['Z', 'IY1', 'B', 'R', 'AH0']]","[['S', 'N', 'EY1', 'K']]",0
916116599,"snake","monkey","[['S', 'N', 'EY1', 'K']]","[['M', 'AH1', 'NG', 'K', 'IY0']]",1
916116599,"monkey","gorilla","[['M', 'AH1', 'NG', 'K', 'IY0']]","[['G', 'ER0', 'IH1', 'L', 'AH0']]",1
916116599,"gorilla","giraffe","[['G', 'ER0', 'IH1', 'L', 'AH0']]","[['JH', 'ER0', 'AE1', 'F']]",1
916116599,"giraffe","tiger","[['JH', 'ER0', 'AE1', 'F']]","[['T', 'AY1', 'G', 'ER0']]",1
916116599,"tiger","cub","[['T', 'AY1', 'G', 'ER0']]","[['K', 'AH1', 'B']]",0
916116599,"cub","ant","[['K', 'AH1', 'B']]","[['AE1', 'N', 'T']]",0
916116599,"ant","dragon","[['AE1', 'N', 'T']]","[['D', 'R', 'AE1', 'G', 'AH0', 'N']]",1
916116599,"dragon","zebra","[['D', 'R', 'AE1', 'G', 'AH0', 'N']]","[['Z', 'IY1', 'B', 'R', 'AH0']]",1
916116599,"zebra","horse","[['Z', 'IY1', 'B', 'R', 'AH0']]","[['HH', 'AO1', 'R', 'S']]",1
916116599,"horse","cow","[['HH', 'AO1', 'R', 'S']]","[['K', 'AW1']]",0
916116599,"cow","sheep","[['K', 'AW1']]","[['SH', 'IY1', 'P']]",0
916116599,"sheep","chicken","[['SH', 'IY1', 'P']]","[['CH', 'IH1', 'K', 'AH0', 'N']]",0
236243895,"rhino","orangutan","[['R', 'AY1', 'N', 'OW2']]","[['AO0', 'R', 'AE1', 'NG', 'AH0', 'T', 'AE0', 'N'], ['AO0', 'R', 'AE1', 'NG', 'AH0', 'T', 'AA0', 'N']]",1
236243895,"orangutan","chimp","[['AO0', 'R', 'AE1', 'NG', 'AH0', 'T', 'AE0', 'N'], ['AO0', 'R', 'AE1', 'NG', 'AH0', 'T', 'AA0', 'N']]","[['CH', 'IH1', 'M', 'P']]",0
236243895,"chimp","chipmunk","[['CH', 'IH1', 'M', 'P']]","[['CH', 'IH1', 'P', 'M', 'AH1', 'NG', 'K']]",2
236243895,"chipmunk","giraffe","[['CH', 'IH1', 'P', 'M', 'AH1', 'NG', 'K']]","[['JH', 'ER0', 'AE1', 'F']]",0
236243895,"giraffe","gorilla","[['JH', 'ER0', 'AE1', 'F']]","[['G', 'ER0', 'IH1', 'L', 'AH0']]",1
236243895,"gorilla","gorilla","[['G', 'ER0', 'IH1', 'L', 'AH0']]","[['G', 'ER0', 'IH1', 'L', 'AH0']]",5
236243895,"gorilla","dog","[['G', 'ER0', 'IH1', 'L', 'AH0']]","[['D', 'AO1', 'G']]",1
236243895,"dog","cat","[['D', 'AO1', 'G']]","[['K', 'AE1', 'T']]",0
236243895,"cat","hamster","[['K', 'AE1', 'T']]","[['HH', 'AE1', 'M', 'S', 'T', 'ER0']]",1
236243895,"hamster","fish","[['HH', 'AE1', 'M', 'S', 'T', 'ER0']]","[['F', 'IH1', 'SH']]",0
236243895,"fish","frog","[['F', 'IH1', 'SH']]","[['F', 'R', 'AA1', 'G']]",1
236243895,"frog","snake","[['F', 'R', 'AA1', 'G']]","[['S', 'N', 'EY1', 'K']]",0
236243895,"snake","caterpillar","[['S', 'N', 'EY1', 'K']]","[['K', 'AE1', 'T', 'AH0', 'P', 'IH2', 'L', 'ER0'], ['K', 'AE1', 'T', 'ER0', 'P', 'IH2', 'L', 'ER0']]",1
236243895,"caterpillar","giraffe","[['K', 'AE1', 'T', 'AH0', 'P', 'IH2', 'L', 'ER0'], ['K', 'AE1', 'T', 'ER0', 'P', 'IH2', 'L', 'ER0']]","[['JH', 'ER0', 'AE1', 'F']]",1
236243895,"giraffe","rhino","[['JH', 'ER0', 'AE1', 'F']]","[['R', 'AY1', 'N', 'OW2']]",0
236243895,"rhino","buffalo","[['R', 'AY1', 'N', 'OW2']]","[['B', 'AH1', 'F', 'AH0', 'L', 'OW2']]",1
236243895,"buffalo","horse","[['B', 'AH1', 'F', 'AH0', 'L', 'OW2']]","[['HH', 'AO1', 'R', 'S']]",0
236243895,"horse","antelope","[['HH', 'AO1', 'R', 'S']]","[['AE1', 'N', 'T', 'AH0', 'L', 'OW2', 'P']]",0
236243895,"antelope","deer","[['AE1', 'N', 'T', 'AH0', 'L', 'OW2', 'P']]","[['D', 'IH1', 'R']]",0
236243895,"deer","sheep","[['D', 'IH1', 'R']]","[['SH', 'IY1', 'P']]",0
329928353,"dog","cat","[['D', 'AO1', 'G']]","[['K', 'AE1', 'T']]",0
329928353,"cat","rabbit","[['K', 'AE1', 'T']]","[['R', 'AE1', 'B', 'AH0', 'T'], ['R', 'AE1', 'B', 'IH0', 'T']]",1
329928353,"rabbit","hamster","[['R', 'AE1', 'B', 'AH0', 'T'], ['R', 'AE1', 'B', 'IH0', 'T']]","[['HH', 'AE1', 'M', 'S', 'T', 'ER0']]",1
329928353,"hamster","gerbil","[['HH', 'AE1', 'M', 'S', 'T', 'ER0']]","[['JH', 'IY1', 'ER1', 'B', 'IH1', 'L']]",1
329928353,"gerbil","guinea","[['JH', 'IY1', 'ER1', 'B', 'IH1', 'L']]","[['G', 'IH1', 'N', 'IY0']]",1
329928353,"guinea","penguin","[['G', 'IH1', 'N', 'IY0']]","[['P', 'EH1', 'NG', 'G', 'W', 'AH0', 'N']]",1
329928353,"penguin","giraffe","[['P', 'EH1', 'NG', 'G', 'W', 'AH0', 'N']]","[['JH', 'ER0', 'AE1', 'F']]",0
329928353,"giraffe","jaguar","[['JH', 'ER0', 'AE1', 'F']]","[['JH', 'AE1', 'G', 'W', 'AA2', 'R']]",1
329928353,"jaguar","lion","[['JH', 'AE1', 'G', 'W', 'AA2', 'R']]","[['L', 'AY1', 'AH0', 'N']]",0
329928353,"lion","cheetah","[['L', 'AY1', 'AH0', 'N']]","[['CH', 'IY1', 'T', 'AH0']]",1
329928353,"cheetah","prairie","[['CH', 'IY1', 'T', 'AH0']]","[['P', 'R', 'EH1', 'R', 'IY0']]",1
329928353,"prairie","gorilla","[['P', 'R', 'EH1', 'R', 'IY0']]","[['G', 'ER0', 'IH1', 'L', 'AH0']]",0
329928353,"gorilla","elephant","[['G', 'ER0', 'IH1', 'L', 'AH0']]","[['EH1', 'L', 'AH0', 'F', 'AH0', 'N', 'T']]",2
329928353,"elephant","tiger","[['EH1', 'L', 'AH0', 'F', 'AH0', 'N', 'T']]","[['T', 'AY1', 'G', 'ER0']]",1
352061675,"tiger","zebra","[['T', 'AY1', 'G', 'ER0']]","[['Z', 'IY1', 'B', 'R', 'AH0']]",0
352061675,"zebra","giraffe","[['Z', 'IY1', 'B', 'R', 'AH0']]","[['JH', 'ER0', 'AE1', 'F']]",0
352061675,"giraffe","penguin","[['JH', 'ER0', 'AE1', 'F']]","[['P', 'EH1', 'NG', 'G', 'W', 'AH0', 'N']]",0
352061675,"penguin","panda","[['P', 'EH1', 'NG', 'G', 'W', 'AH0', 'N']]","[['P', 'AE1', 'N', 'D', 'AH0']]",1
352061675,"panda","alligator","[['P', 'AE1', 'N', 'D', 'AH0']]","[['AE1', 'L', 'AH0', 'G', 'EY2', 'T', 'ER0']]",1
352061675,"alligator","dog","[['AE1', 'L', 'AH0', 'G', 'EY2', 'T', 'ER0']]","[['D', 'AO1', 'G']]",1
352061675,"dog","cat","[['D', 'AO1', 'G']]","[['K', 'AE1', 'T']]",0
352061675,"cat","lizard","[['K', 'AE1', 'T']]","[['L', 'IH1', 'Z', 'ER0', 'D']]",0
352061675,"lizard","gecko","[['L', 'IH1', 'Z', 'ER0', 'D']]","[['G', 'EH1', 'K', 'OW0']]",0
352061675,"gecko","crab","[['G', 'EH1', 'K', 'OW0']]","[['K', 'R', 'AE1', 'B']]",1
352061675,"crab","octopus","[['K', 'R', 'AE1', 'B']]","[['AA1', 'K', 'T', 'AH0', 'P', 'UH2', 'S']]",1
352061675,"octopus","jellyfish","[['AA1', 'K', 'T', 'AH0', 'P', 'UH2', 'S']]","[['JH', 'EH1', 'L', 'IY0', 'F', 'IH2', 'SH']]",0
352061675,"jellyfish","turtle","[['JH', 'EH1', 'L', 'IY0', 'F', 'IH2', 'SH']]","[['T', 'ER1', 'T', 'AH0', 'L']]",1
352061675,"turtle","bird","[['T', 'ER1', 'T', 'AH0', 'L']]","[['B', 'ER1', 'D']]",1
352061675,"bird","chick","[['B', 'ER1', 'D']]","[['CH', 'IH1', 'K']]",0
352061675,"chick","hen","[['CH', 'IH1', 'K']]","[['HH', 'EH1', 'N']]",0
352061675,"hen","rooster","[['HH', 'EH1', 'N']]","[['R', 'UW1', 'S', 'T', 'ER0']]",0
352061675,"rooster","crow","[['R', 'UW1', 'S', 'T', 'ER0']]","[['K', 'R', 'OW1']]",1
422150423,"cat","dog","[['K', 'AE1', 'T']]","[['D', 'AO1', 'G']]",0
422150423,"dog","pig","[['D', 'AO1', 'G']]","[['P', 'IH1', 'G']]",1
422150423,"pig","cow","[['P', 'IH1', 'G']]","[['K', 'AW1']]",0
422150423,"cow","chicken","[['K', 'AW1']]","[['CH', 'IH1', 'K', 'AH0', 'N']]",1
422150423,"chicken","rooster","[['CH', 'IH1', 'K', 'AH0', 'N']]","[['R', 'UW1', 'S', 'T', 'ER0']]",0
422150423,"rooster","frog","[['R', 'UW1', 'S', 'T', 'ER0']]","[['F', 'R', 'AA1', 'G']]",1
422150423,"frog","snake","[['F', 'R', 'AA1', 'G']]","[['S', 'N', 'EY1', 'K']]",0
422150423,"snake","lizard","[['S', 'N', 'EY1', 'K']]","[['L', 'IH1', 'Z', 'ER0', 'D']]",0
422150423,"lizard","iguana","[['L', 'IH1', 'Z', 'ER0', 'D']]","[['AY0', 'G', 'W', 'AA1', 'N', 'AH0']]",0
422150423,"iguana","badger","[['AY0', 'G', 'W', 'AA1', 'N', 'AH0']]","[['B', 'AE1', 'JH', 'ER0']]",0
422150423,"badger","bulldog","[['B', 'AE1', 'JH', 'ER0']]","[['B', 'UH1', 'L', 'D', 'AO2', 'G']]",1
422150423,"bulldog","puppy","[['B', 'UH1', 'L', 'D', 'AO2', 'G']]","[['P', 'AH1', 'P', 'IY0']]",0
422150423,"puppy","kitten","[['P', 'AH1', 'P', 'IY0']]","[['K', 'IH1', 'T', 'AH0', 'N']]",1
422150423,"kitten","goose","[['K', 'IH1', 'T', 'AH0', 'N']]","[['G', 'UW1', 'S']]",0
422150423,"goose","duck","[['G', 'UW1', 'S']]","[['D', 'AH1', 'K']]",0
422150423,"duck","wolf","[['D', 'AH1', 'K']]","[['W', 'UH1', 'L', 'F']]",0
