"ID","Word1","Word2","Phonemes1","Phonemes2","Shared_Cont_Phonemes"
528353180,"cheese","coffee","[['CH', 'IY1', 'Z']]","[['K', 'AA1', 'F', 'IY0'], ['K', 'AO1', 'F', 'IY0']]",1
528353180,"coffee","tea","[['K', 'AA1', 'F', 'IY0'], ['K', 'AO1', 'F', 'IY0']]","[['T', 'IY1']]",1
528353180,"tea","soda","[['T', 'IY1']]","[['S', 'OW1', 'D', 'AH0']]",0
528353180,"soda","water","[['S', 'OW1', 'D', 'AH0']]","[['W', 'AO1', 'T', 'ER0']]",0
528353180,"water","asparagus","[['W', 'AO1', 'T', 'ER0']]","[['AH0', 'S', 'P', 'EH1', 'R', 'AH0', 'G', 'AH0', 'S']]",0
528353180,"asparagus","cauliflower","[['AH0', 'S', 'P', 'EH1', 'R', 'AH0', 'G', 'AH0', 'S']]","[['K', 'AA1', 'L', 'AH0', 'F', 'L', 'AW2', 'ER0']]",1
528353180,"cauliflower","carrots","[['K', 'AA1', 'L', 'AH0', 'F', 'L', 'AW2', 'ER0']]","[['K', 'AE1', 'R', 'AH0', 'T', 'S'], ['K', 'EH1', 'R', 'AH0', 'T', 'S']]",1
528353180,"carrots","salad","[['K', 'AE1', 'R', 'AH0', 'T', 'S'], ['K', 'EH1', 'R', 'AH0', 'T', 'S']]","[['S', 'AE1', 'L', 'AH0', 'D']]",1
528353180,"salad","chicken","[['S', 'AE1', 'L', 'AH0', 'D']]","[['CH', 'IH1', 'K', 'AH0', 'N']]",1
528353180,"chicken","lemonade","[['CH', 'IH1', 'K', 'AH0', 'N']]","[['L', 'EH1', 'M', 'AH0', 'N', 'EY1', 'D']]",2
528353180,"lemonade","bananas","[['L', 'EH1', 'M', 'AH0', 'N', 'EY1', 'D']]","[['B', 'AH0', 'N', 'AE1', 'N', 'AH0', 'Z']]",2
528353180,"bananas","apples","[['B', 'AH0', 'N', 'AE1', 'N', 'AH0', 'Z']]","[['AE1', 'P', 'AH0', 'L', 'Z']]",1
528353180,"apples","peaches","[['AE1', 'P', 'AH0', 'L', 'Z']]","[['P', 'IY1', 'CH', 'AH0', 'Z'], ['P', 'IY1', 'CH', 'IH0', 'Z']]",1
528353180,"peaches","corn","[['P', 'IY1', 'CH', 'AH0', 'Z'], ['P', 'IY1', 'CH', 'IH0', 'Z']]","[['K', 'AO1', 'R', 'N']]",0
528353180,"corn","rice","[['K', 'AO1', 'R', 'N']]","[['R', 'AY1', 'S']]",1
528353180,"rice","pork","[['R', 'AY1', 'S']]","[['P', 'AO1', 'R', 'K']]",1
528353180,"pork","broccoli","[['P', 'AO1', 'R', 'K']]","[['B', 'R', 'AA1', 'K', 'AH0', 'L', 'IY0'], ['B', 'R', 'AA1', 'K', 'L', 'IY0']]",1
528353180,"broccoli","grilledcheesesandwich","[['B', 'R', 'AA1', 'K', 'AH0', 'L', 'IY0'], ['B', 'R', 'AA1', 'K', 'L', 'IY0']]","[['G', 'R', 'IH1', 'L', 'D', 'CH', 'IY1', 'Z', 'IH0', 'Z', 'AH0', 'N', 'D', 'W', 'IH1', 'CH'], ['G', 'R', 'IH1', 'L', 'D', 'CH', 'IY1', 'Z', 'IH0', 'Z', 'AE1', 'N', 'D', 'W', 'IH1', 'CH']]",1
528353180,"grilledcheesesandwich","hamburgers","[['G', 'R', 'IH1', 'L', 'D', 'CH', 'IY1', 'Z', 'IH0', 'Z', 'AH0', 'N', 'D', 'W', 'IH1', 'CH'], ['G', 'R', 'IH1', 'L', 'D', 'CH', 'IY1', 'Z', 'IH0', 'Z', 'AE1', 'N', 'D', 'W', 'IH1', 'CH']]","[['HH', 'AE1', 'M', 'B', 'ER0', 'G', 'ER0', 'Z']]",1
528353180,"hamburgers","hotdogs","[['HH', 'AE1', 'M', 'B', 'ER0', 'G', 'ER0', 'Z']]","[['HH', 'AA1', 'T', 'D', 'AO2', 'G', 'Z']]",1
528353180,"hotdogs","meatloaf","[['HH', 'AA1', 'T', 'D', 'AO2', 'G', 'Z']]","[['M', 'IY1', 'T', 'L', 'OW0', 'F']]",1
528353180,"meatloaf","pizza","[['M', 'IY1', 'T', 'L', 'OW0', 'F']]","[['P', 'IY1', 'T', 'S', 'AH0']]",2
528353180,"pizza","popcorn","[['P', 'IY1', 'T', 'S', 'AH0']]","[['P', 'AA1', 'P', 'K', 'AO2', 'R', 'N']]",1
956268845,"strawberries","raspberries","[['S', 'T', 'R', 'AO1', 'B', 'EH2', 'R', 'IY0', 'Z']]","[['R', 'AE1', 'Z', 'B', 'EH2', 'R', 'IY0', 'Z']]",5
956268845,"raspberries","apricots","[['R', 'AE1', 'Z', 'B', 'EH2', 'R', 'IY0', 'Z']]","[['AE1', 'P', 'R', 'AH0', 'K', 'AA2', 'T', 'S']]",1
956268845,"apricots","bread","[['AE1', 'P', 'R', 'AH0', 'K', 'AA2', 'T', 'S']]","[['B', 'R', 'EH1', 'D']]",1
956268845,"bread","jam","[['B', 'R', 'EH1', 'D']]","[['JH', 'AE1', 'M']]",0
956268845,"jam","butter","[['JH', 'AE1', 'M']]","[['B', 'AH1', 'T', 'ER0']]",0
956268845,"butter","toast","[['B', 'AH1', 'T', 'ER0']]","[['T', 'OW1', 'S', 'T']]",1
956268845,"toast","burger","[['T', 'OW1', 'S', 'T']]","[['B', 'ER1', 'G', 'ER0']]",0
956268845,"burger","cheese","[['B', 'ER1', 'G', 'ER0']]","[['CH', 'IY1', 'Z']]",0
956268845,"cheese","soda","[['CH', 'IY1', 'Z']]","[['S', 'OW1', 'D', 'AH0']]",0
956268845,"soda","water","[['S', 'OW1', 'D', 'AH0']]","[['W', 'AO1', 'T', 'ER0']]",0
956268845,"water","milk","[['W', 'AO1', 'T', 'ER0']]","[['M', 'IH1', 'L', 'K']]",0
956268845,"milk","cucumbers","[['M', 'IH1', 'L', 'K']]","[['K', 'Y', 'UW1', 'K', 'AH0', 'M', 'ER0', 'Z']]",1
956268845,"cucumbers","pickles","[['K', 'Y', 'UW1', 'K', 'AH0', 'M', 'ER0', 'Z']]","[['P', 'IH1', 'K', 'AH0', 'L', 'Z']]",2
956268845,"pickles","chocolate","[['P', 'IH1', 'K', 'AH0', 'L', 'Z']]","[['CH', 'AO1', 'K', 'L', 'AH0', 'T']]",1
956268845,"chocolate","vanilla","[['CH', 'AO1', 'K', 'L', 'AH0', 'T']]","[['V', 'AH0', 'N', 'IH1', 'L', 'AH0']]",2
956268845,"vanilla","cinnamon","[['V', 'AH0', 'N', 'IH1', 'L', 'AH0']]","[['S', 'IH1', 'N', 'AH0', 'M', 'AH0', 'N']]",2
956268845,"cinnamon","sugar","[['S', 'IH1', 'N', 'AH0', 'M', 'AH0', 'N']]","[['SH', 'UH1', 'G', 'ER0']]",0
956268845,"sugar","rosemary","[['SH', 'UH1', 'G', 'ER0']]","[['R', 'OW1', 'Z', 'M', 'EH2', 'R', 'IY0']]",0
956268845,"rosemary","blueberries","[['R', 'OW1', 'Z', 'M', 'EH2', 'R', 'IY0']]","[['B', 'L', 'UW1', 'B', 'EH2', 'R', 'IY0', 'Z']]",3
956268845,"blueberries","cranberryjucie","[['B', 'L', 'UW1', 'B', 'EH2', 'R', 'IY0', 'Z']]","[['K', 'R', 'AE1', 'N', 'B', 'EH2', 'R', 'IY0', 'JH', 'UW1', 'S', 'IY1'], ['K', 'R', 'AE1', 'N', 'B', 'EH2', 'R', 'IY0', 'JH', 'UW1', 'S', 'IY1', 'AY1', 'IY1']]",4
956268845,"cranberryjucie","grapejuice","[['K', 'R', 'AE1', 'N', 'B', 'EH2', 'R', 'IY0', 'JH', 'UW1', 'S', 'IY1'], ['K', 'R', 'AE1', 'N', 'B', 'EH2', 'R', 'IY0', 'JH', 'UW1', 'S', 'IY1', 'AY1', 'IY1']]","[['G', 'R', 'EY1', 'P', 'JH', 'UW1', 'S']]",3
956268845,"grapejuice","icecream","[['G', 'R', 'EY1', 'P', 'JH', 'UW1', 'S']]","[['AY1', 'S', 'K', 'R', 'IY1', 'M']]",1
956268845,"icecream","lemonjuice","[['AY1', 'S', 'K', 'R', 'IY1', 'M']]","[['L', 'EH1', 'M', 'AH0', 'N', 'JH', 'UW1', 'S']]",1
956268845,"lemonjuice","orangejuice","[['L', 'EH1', 'M', 'AH0', 'N', 'JH', 'UW1', 'S']]","[['AO1', 'R', 'AH0', 'N', 'JH', 'JH', 'UW1', 'S'], ['AO1', 'R', 'IH0', 'N', 'JH', 'JH', 'UW1', 'S']]",3
956268845,"orangejuice","oregano","[['AO1', 'R', 'AH0', 'N', 'JH', 'JH', 'UW1', 'S'], ['AO1', 'R', 'IH0', 'N', 'JH', 'JH', 'UW1', 'S']]","[['AO2', 'R', 'EH1', 'G', 'AH0', 'N', 'OW2'], ['ER0', 'EH1', 'G', 'AH0', 'N', 'OW2']]",2
956268845,"oregano","peanutbutter","[['AO2', 'R', 'EH1', 'G', 'AH0', 'N', 'OW2'], ['ER0', 'EH1', 'G', 'AH0', 'N', 'OW2']]","[['P', 'IY1', 'N', 'AH0', 'T', 'B', 'AH1', 'T', 'ER0'], ['P', 'IY1', 'N', 'AH2', 'T', 'B', 'AH1', 'T', 'ER0']]",1
956268845,"peanutbutter","pizza","[['P', 'IY1', 'N', 'AH0', 'T', 'B', 'AH1', 'T', 'ER0'], ['P', 'IY1', 'N', 'AH2', 'T', 'B', 'AH1', 'T', 'ER0']]","[['P', 'IY1', 'T', 'S', 'AH0']]",2
956268845,"pizza","popcorn","[['P', 'IY1', 'T', 'S', 'AH0']]","[['P', 'AA1', 'P', 'K', 'AO2', 'R', 'N']]",1
956268845,"popcorn","raspberryjuice","[['P', 'AA1', 'P', 'K', 'AO2', 'R', 'N']]","[['R', 'AE1', 'Z', 'B', 'EH2', 'R', 'IY0', 'JH', 'UW1', 'S']]",1
956268845,"raspberryjuice","strawberryjuice","[['R', 'AE1', 'Z', 'B', 'EH2', 'R', 'IY0', 'JH', 'UW1', 'S']]","[['S', 'T', 'R', 'AO1', 'B', 'EH2', 'R', 'IY0', 'JH', 'UW1', 'S']]",7
891411190,"grapes","water","[['G', 'R', 'EY1', 'P', 'S']]","[['W', 'AO1', 'T', 'ER0']]",0
891411190,"water","chips","[['W', 'AO1', 'T', 'ER0']]","[['CH', 'IH1', 'P', 'S']]",0
891411190,"chips","cookies","[['CH', 'IH1', 'P', 'S']]","[['K', 'UH1', 'K', 'IY0', 'Z']]",0
891411190,"cookies","carrot","[['K', 'UH1', 'K', 'IY0', 'Z']]","[['K', 'AE1', 'R', 'AH0', 'T'], ['K', 'EH1', 'R', 'AH0', 'T']]",1
891411190,"carrot","soda","[['K', 'AE1', 'R', 'AH0', 'T'], ['K', 'EH1', 'R', 'AH0', 'T']]","[['S', 'OW1', 'D', 'AH0']]",1
891411190,"soda","apple","[['S', 'OW1', 'D', 'AH0']]","[['AE1', 'P', 'AH0', 'L']]",1
891411190,"apple","watermelon","[['AE1', 'P', 'AH0', 'L']]","[['W', 'AO1', 'T', 'ER0', 'M', 'EH2', 'L', 'AH0', 'N']]",1
891411190,"watermelon","pear","[['W', 'AO1', 'T', 'ER0', 'M', 'EH2', 'L', 'AH0', 'N']]","[['P', 'EH1', 'R']]",1
891411190,"pear","orange","[['P', 'EH1', 'R']]","[['AO1', 'R', 'AH0', 'N', 'JH'], ['AO1', 'R', 'IH0', 'N', 'JH']]",1
891411190,"orange","pepper","[['AO1', 'R', 'AH0', 'N', 'JH'], ['AO1', 'R', 'IH0', 'N', 'JH']]","[['P', 'EH1', 'P', 'ER0']]",0
891411190,"pepper","tomato","[['P', 'EH1', 'P', 'ER0']]","[['T', 'AH0', 'M', 'EY1', 'T', 'OW2'], ['T', 'AH0', 'M', 'AA1', 'T', 'OW2']]",0
891411190,"tomato","juice","[['T', 'AH0', 'M', 'EY1', 'T', 'OW2'], ['T', 'AH0', 'M', 'AA1', 'T', 'OW2']]","[['JH', 'UW1', 'S']]",0
891411190,"juice","corn","[['JH', 'UW1', 'S']]","[['K', 'AO1', 'R', 'N']]",0
891411190,"corn","potatoes","[['K', 'AO1', 'R', 'N']]","[['P', 'AH0', 'T', 'EY1', 'T', 'OW0', 'Z']]",0
891411190,"potatoes","brocolli","[['P', 'AH0', 'T', 'EY1', 'T', 'OW0', 'Z']]","[['B', 'R', 'AA1', 'K', 'OW1', 'EH1', 'L', 'L', 'IY1']]",1
891411190,"brocolli","grapefruit","[['B', 'R', 'AA1', 'K', 'OW1', 'EH1', 'L', 'L', 'IY1']]","[['G', 'R', 'EY1', 'P', 'F', 'R', 'UW2', 'T']]",1
891411190,"grapefruit","hamburger","[['G', 'R', 'EY1', 'P', 'F', 'R', 'UW2', 'T']]","[['HH', 'AE1', 'M', 'B', 'ER0', 'G', 'ER0']]",1
891411190,"hamburger","icecream","[['HH', 'AE1', 'M', 'B', 'ER0', 'G', 'ER0']]","[['AY1', 'S', 'K', 'R', 'IY1', 'M']]",1
891411190,"icecream","pizza","[['AY1', 'S', 'K', 'R', 'IY1', 'M']]","[['P', 'IY1', 'T', 'S', 'AH0']]",1
642812588,"bagels","water","[['B', 'EY1', 'G', 'AH0', 'L', 'Z']]","[['W', 'AO1', 'T', 'ER0']]",0
642812588,"water","steak","[['W', 'AO1', 'T', 'ER0']]","[['S', 'T', 'EY1', 'K']]",1
642812588,"steak","apple","[['S', 'T', 'EY1', 'K']]","[['AE1', 'P', 'AH0', 'L']]",0
642812588,"apple","orange","[['AE1', 'P', 'AH0', 'L']]","[['AO1', 'R', 'AH0', 'N', 'JH'], ['AO1', 'R', 'IH0', 'N', 'JH']]",1
642812588,"orange","pear","[['AO1', 'R', 'AH0', 'N', 'JH'], ['AO1', 'R', 'IH0', 'N', 'JH']]","[['P', 'EH1', 'R']]",1
642812588,"pear","strawberries","[['P', 'EH1', 'R']]","[['S', 'T', 'R', 'AO1', 'B', 'EH2', 'R', 'IY0', 'Z']]",2
642812588,"strawberries","grapes","[['S', 'T', 'R', 'AO1', 'B', 'EH2', 'R', 'IY0', 'Z']]","[['G', 'R', 'EY1', 'P', 'S']]",1
642812588,"grapes","salad","[['G', 'R', 'EY1', 'P', 'S']]","[['S', 'AE1', 'L', 'AH0', 'D']]",1
642812588,"salad","tomato","[['S', 'AE1', 'L', 'AH0', 'D']]","[['T', 'AH0', 'M', 'EY1', 'T', 'OW2'], ['T', 'AH0', 'M', 'AA1', 'T', 'OW2']]",1
642812588,"tomato","soda","[['T', 'AH0', 'M', 'EY1', 'T', 'OW2'], ['T', 'AH0', 'M', 'AA1', 'T', 'OW2']]","[['S', 'OW1', 'D', 'AH0']]",1
642812588,"soda","rolls","[['S', 'OW1', 'D', 'AH0']]","[['R', 'OW1', 'L', 'Z']]",1
642812588,"rolls","pancakes","[['R', 'OW1', 'L', 'Z']]","[['P', 'AE1', 'N', 'K', 'EY2', 'K', 'S']]",0
642812588,"pancakes","bacon","[['P', 'AE1', 'N', 'K', 'EY2', 'K', 'S']]","[['B', 'EY1', 'K', 'AH0', 'N']]",2
642812588,"bacon","eggs","[['B', 'EY1', 'K', 'AH0', 'N']]","[['EH1', 'G', 'Z']]",0
642812588,"eggs","sausage","[['EH1', 'G', 'Z']]","[['S', 'AO1', 'S', 'AH0', 'JH'], ['S', 'AO1', 'S', 'IH0', 'JH']]",0
642812588,"sausage","lobster","[['S', 'AO1', 'S', 'AH0', 'JH'], ['S', 'AO1', 'S', 'IH0', 'JH']]","[['L', 'AA1', 'B', 'S', 'T', 'ER0']]",1
642812588,"lobster","crab","[['L', 'AA1', 'B', 'S', 'T', 'ER0']]","[['K', 'R', 'AE1', 'B']]",1
642812588,"crab","burgers","[['K', 'R', 'AE1', 'B']]","[['B', 'ER1', 'G', 'ER0', 'Z']]",1
642812588,"burgers","cereal","[['B', 'ER1', 'G', 'ER0', 'Z']]","[['S', 'IH1', 'R', 'IY0', 'AH0', 'L']]",0
642812588,"cereal","chewybar","[['S', 'IH1', 'R', 'IY0', 'AH0', 'L']]","[['CH', 'UW1', 'W', 'AY1', 'B', 'AA1', 'R']]",1
642812588,"chewybar","chocolatemilk","[['CH', 'UW1', 'W', 'AY1', 'B', 'AA1', 'R']]","[['CH', 'AA1', 'K', 'L', 'AH0', 'T', 'EH1', 'M', 'IH1', 'L', 'K']]",1
642812588,"chocolatemilk","fettuccini","[['CH', 'AA1', 'K', 'L', 'AH0', 'T', 'EH1', 'M', 'IH1', 'L', 'K']]","[['F', 'EH1', 'T', 'UW1', 'CH', 'IY0', 'N', 'IY1']]",1
642812588,"fettuccini","gatorade","[['F', 'EH1', 'T', 'UW1', 'CH', 'IY0', 'N', 'IY1']]","[['G', 'AE1', 'T', 'ER0', 'EY2', 'D']]",1
642812588,"gatorade","hotdogs","[['G', 'AE1', 'T', 'ER0', 'EY2', 'D']]","[['HH', 'AA1', 'T', 'D', 'AO2', 'G', 'Z']]",1
642812588,"hotdogs","icecream","[['HH', 'AA1', 'T', 'D', 'AO2', 'G', 'Z']]","[['AY1', 'S', 'K', 'R', 'IY1', 'M']]",0
642812588,"icecream","pizza","[['AY1', 'S', 'K', 'R', 'IY1', 'M']]","[['P', 'IY1', 'T', 'S', 'AH0']]",1
642812588,"pizza","proteinbar","[['P', 'IY1', 'T', 'S', 'AH0']]","[['P', 'R', 'OW1', 'T', 'IY2', 'N', 'B', 'AA1', 'R']]",1
642812588,"proteinbar","skimmilk","[['P', 'R', 'OW1', 'T', 'IY2', 'N', 'B', 'AA1', 'R']]","[['S', 'K', 'IH1', 'M', 'M', 'IH1', 'L', 'K']]",0
642812588,"skimmilk","spaghetti","[['S', 'K', 'IH1', 'M', 'M', 'IH1', 'L', 'K']]","[['S', 'P', 'AH0', 'G', 'EH1', 'T', 'IY0']]",1
642812588,"spaghetti","waffles","[['S', 'P', 'AH0', 'G', 'EH1', 'T', 'IY0']]","[['W', 'AA1', 'F', 'AH0', 'L', 'Z']]",1
642812588,"waffles","whitemilk","[['W', 'AA1', 'F', 'AH0', 'L', 'Z']]","[['W', 'AY1', 'T', 'M', 'IH1', 'L', 'K'], ['HH', 'W', 'AY1', 'T', 'M', 'IH1', 'L', 'K']]",1
823316253,"apple","orange","[['AE1', 'P', 'AH0', 'L']]","[['AO1', 'R', 'AH0', 'N', 'JH'], ['AO1', 'R', 'IH0', 'N', 'JH']]",1
823316253,"orange","water","[['AO1', 'R', 'AH0', 'N', 'JH'], ['AO1', 'R', 'IH0', 'N', 'JH']]","[['W', 'AO1', 'T', 'ER0']]",1
823316253,"water","beer","[['W', 'AO1', 'T', 'ER0']]","[['B', 'IH1', 'R']]",0
823316253,"beer","chicken","[['B', 'IH1', 'R']]","[['CH', 'IH1', 'K', 'AH0', 'N']]",1
823316253,"chicken","watermelon","[['CH', 'IH1', 'K', 'AH0', 'N']]","[['W', 'AO1', 'T', 'ER0', 'M', 'EH2', 'L', 'AH0', 'N']]",2
823316253,"watermelon","orange","[['W', 'AO1', 'T', 'ER0', 'M', 'EH2', 'L', 'AH0', 'N']]","[['AO1', 'R', 'AH0', 'N', 'JH'], ['AO1', 'R', 'IH0', 'N', 'JH']]",2
823316253,"orange","grapes","[['AO1', 'R', 'AH0', 'N', 'JH'], ['AO1', 'R', 'IH0', 'N', 'JH']]","[['G', 'R', 'EY1', 'P', 'S']]",1
823316253,"grapes","steak","[['G', 'R', 'EY1', 'P', 'S']]","[['S', 'T', 'EY1', 'K']]",1
823316253,"steak","ribs","[['S', 'T', 'EY1', 'K']]","[['R', 'IH1', 'B', 'Z']]",0
823316253,"ribs","broccoli","[['R', 'IH1', 'B', 'Z']]","[['B', 'R', 'AA1', 'K', 'AH0', 'L', 'IY0'], ['B', 'R', 'AA1', 'K', 'L', 'IY0']]",1
823316253,"broccoli","sprite","[['B', 'R', 'AA1', 'K', 'AH0', 'L', 'IY0'], ['B', 'R', 'AA1', 'K', 'L', 'IY0']]","[['S', 'P', 'R', 'AY1', 'T']]",1
823316253,"sprite","rice","[['S', 'P', 'R', 'AY1', 'T']]","[['R', 'AY1', 'S']]",2
823316253,"rice","noodles","[['R', 'AY1', 'S']]","[['N', 'UW1', 'D', 'AH0', 'L', 'Z']]",0
823316253,"noodles","dietrite","[['N', 'UW1', 'D', 'AH0', 'L', 'Z']]","[['D', 'AY1', 'AH0', 'T', 'R', 'AY1', 'T']]",1
823316253,"dietrite","drpepper","[['D', 'AY1', 'AH0', 'T', 'R', 'AY1', 'T']]","[['D', 'R', 'AY1', 'V', 'P', 'EH1', 'P', 'ER0'], ['D', 'AA1', 'K', 'T', 'ER0', 'P', 'EH1', 'P', 'ER0']]",2
823316253,"drpepper","hotdogs","[['D', 'R', 'AY1', 'V', 'P', 'EH1', 'P', 'ER0'], ['D', 'AA1', 'K', 'T', 'ER0', 'P', 'EH1', 'P', 'ER0']]","[['HH', 'AA1', 'T', 'D', 'AO2', 'G', 'Z']]",1
823316253,"hotdogs","icecream","[['HH', 'AA1', 'T', 'D', 'AO2', 'G', 'Z']]","[['AY1', 'S', 'K', 'R', 'IY1', 'M']]",0
823316253,"icecream","lasagna","[['AY1', 'S', 'K', 'R', 'IY1', 'M']]","[['L', 'AA0', 'S', 'AA1', 'N', 'Y', 'AH0'], ['L', 'AH0', 'Z', 'AA1', 'N', 'Y', 'AH0']]",1
823316253,"lasagna","lunchmeats","[['L', 'AA0', 'S', 'AA1', 'N', 'Y', 'AH0'], ['L', 'AH0', 'Z', 'AA1', 'N', 'Y', 'AH0']]","[['L', 'AH1', 'N', 'CH', 'M', 'IY1', 'T', 'S']]",1
823316253,"lunchmeats","mountaindew","[['L', 'AH1', 'N', 'CH', 'M', 'IY1', 'T', 'S']]","[['M', 'AW1', 'N', 'T', 'AY1', 'EH1', 'N', 'D', 'UW1'], ['M', 'AW1', 'N', 'T', 'EY1', 'AY1', 'EH1', 'N', 'D', 'UW1']]",1
823316253,"mountaindew","porkchops","[['M', 'AW1', 'N', 'T', 'AY1', 'EH1', 'N', 'D', 'UW1'], ['M', 'AW1', 'N', 'T', 'EY1', 'AY1', 'EH1', 'N', 'D', 'UW1']]","[['P', 'AO1', 'R', 'K', 'CH', 'AA1', 'P', 'S']]",0
823316253,"porkchops","porktenderloin","[['P', 'AO1', 'R', 'K', 'CH', 'AA1', 'P', 'S']]","[['P', 'AO1', 'R', 'K', 'T', 'EH1', 'N', 'D', 'ER0', 'L', 'OY2', 'N']]",4
823316253,"porktenderloin","roastbeef","[['P', 'AO1', 'R', 'K', 'T', 'EH1', 'N', 'D', 'ER0', 'L', 'OY2', 'N']]","[['R', 'OW1', 'S', 'T', 'B', 'IY1', 'F']]",1
823316253,"roastbeef","sauercraut","[['R', 'OW1', 'S', 'T', 'B', 'IY1', 'F']]","[['S', 'AW1', 'ER0', 'S', 'IY1', 'R', 'AW1', 'T']]",1
823316253,"sauercraut","spaghetti","[['S', 'AW1', 'ER0', 'S', 'IY1', 'R', 'AW1', 'T']]","[['S', 'P', 'AH0', 'G', 'EH1', 'T', 'IY0']]",1
704925696,"applejuice","apples","[['AE1', 'P', 'AH0', 'L', 'JH', 'UW1', 'S']]","[['AE1', 'P', 'AH0', 'L', 'Z']]",4
704925696,"apples","bananas","[['AE1', 'P', 'AH0', 'L', 'Z']]","[['B', 'AH0', 'N', 'AE1', 'N', 'AH0', 'Z']]",1
704925696,"bananas","peaches","[['B', 'AH0', 'N', 'AE1', 'N', 'AH0', 'Z']]","[['P', 'IY1', 'CH', 'AH0', 'Z'], ['P', 'IY1', 'CH', 'IH0', 'Z']]",2
704925696,"peaches","oranges","[['P', 'IY1', 'CH', 'AH0', 'Z'], ['P', 'IY1', 'CH', 'IH0', 'Z']]","[['AO1', 'R', 'AH0', 'N', 'JH', 'AH0', 'Z'], ['AO1', 'R', 'IH0', 'N', 'JH', 'IH0', 'Z']]",2
704925696,"oranges","sprite","[['AO1', 'R', 'AH0', 'N', 'JH', 'AH0', 'Z'], ['AO1', 'R', 'IH0', 'N', 'JH', 'IH0', 'Z']]","[['S', 'P', 'R', 'AY1', 'T']]",1
704925696,"sprite","burritos","[['S', 'P', 'R', 'AY1', 'T']]","[['B', 'ER0', 'IY1', 'T', 'OW0', 'S']]",1
704925696,"burritos","milk","[['B', 'ER0', 'IY1', 'T', 'OW0', 'S']]","[['M', 'IH1', 'L', 'K']]",0
704925696,"milk","water","[['M', 'IH1', 'L', 'K']]","[['W', 'AO1', 'T', 'ER0']]",0
704925696,"water","juice","[['W', 'AO1', 'T', 'ER0']]","[['JH', 'UW1', 'S']]",0
704925696,"juice","bread","[['JH', 'UW1', 'S']]","[['B', 'R', 'EH1', 'D']]",0
704925696,"bread","sandwiches","[['B', 'R', 'EH1', 'D']]","[['S', 'AE1', 'N', 'D', 'W', 'IH0', 'CH', 'IH0', 'Z'], ['S', 'AE1', 'N', 'W', 'IH0', 'CH', 'IH0', 'Z'], ['S', 'AE1', 'M', 'W', 'IH0', 'CH', 'IH0', 'Z']]",1
704925696,"sandwiches","bologna","[['S', 'AE1', 'N', 'D', 'W', 'IH0', 'CH', 'IH0', 'Z'], ['S', 'AE1', 'N', 'W', 'IH0', 'CH', 'IH0', 'Z'], ['S', 'AE1', 'M', 'W', 'IH0', 'CH', 'IH0', 'Z']]","[['B', 'AH0', 'L', 'OW1', 'N', 'IY0']]",1
704925696,"bologna","turkey","[['B', 'AH0', 'L', 'OW1', 'N', 'IY0']]","[['T', 'ER1', 'K', 'IY0']]",1
704925696,"turkey","chicken","[['T', 'ER1', 'K', 'IY0']]","[['CH', 'IH1', 'K', 'AH0', 'N']]",1
704925696,"chicken","beef","[['CH', 'IH1', 'K', 'AH0', 'N']]","[['B', 'IY1', 'F']]",0
704925696,"beef","cereal","[['B', 'IY1', 'F']]","[['S', 'IH1', 'R', 'IY0', 'AH0', 'L']]",1
704925696,"cereal","chocolatesyrup","[['S', 'IH1', 'R', 'IY0', 'AH0', 'L']]","[['CH', 'AA1', 'K', 'L', 'AH0', 'T', 'EH1', 'S', 'W', 'AY1', 'R', 'UW1', 'P', 'IY1'], ['CH', 'AA1', 'K', 'L', 'AH0', 'T', 'EH1', 'S', 'W', 'AY1', 'AA1', 'R', 'Y', 'UW1', 'P', 'IY1']]",1
704925696,"chocolatesyrup","cranapplejuice","[['CH', 'AA1', 'K', 'L', 'AH0', 'T', 'EH1', 'S', 'W', 'AY1', 'R', 'UW1', 'P', 'IY1'], ['CH', 'AA1', 'K', 'L', 'AH0', 'T', 'EH1', 'S', 'W', 'AY1', 'AA1', 'R', 'Y', 'UW1', 'P', 'IY1']]","[['S', 'IY1', 'R', 'AE1', 'N', 'AH0', 'P', 'IY1', 'P', 'IY1', 'L', 'AH0', 'JH', 'UW1', 'S']]",2
704925696,"cranapplejuice","cranberryjuice","[['S', 'IY1', 'R', 'AE1', 'N', 'AH0', 'P', 'IY1', 'P', 'IY1', 'L', 'AH0', 'JH', 'UW1', 'S']]","[['K', 'R', 'AE1', 'N', 'B', 'EH2', 'R', 'IY0', 'JH', 'UW1', 'S']]",3
704925696,"cranberryjuice","drpepper","[['K', 'R', 'AE1', 'N', 'B', 'EH2', 'R', 'IY0', 'JH', 'UW1', 'S']]","[['D', 'R', 'AY1', 'V', 'P', 'EH1', 'P', 'ER0'], ['D', 'AA1', 'K', 'T', 'ER0', 'P', 'EH1', 'P', 'ER0']]",1
704925696,"drpepper","drpepper","[['D', 'R', 'AY1', 'V', 'P', 'EH1', 'P', 'ER0'], ['D', 'AA1', 'K', 'T', 'ER0', 'P', 'EH1', 'P', 'ER0']]","[['D', 'R', 'AY1', 'V', 'P', 'EH1', 'P', 'ER0'], ['D', 'AA1', 'K', 'T', 'ER0', 'P', 'EH1', 'P', 'ER0']]",8
704925696,"drpepper","empanadas","[['D', 'R', 'AY1', 'V', 'P', 'EH1', 'P', 'ER0'], ['D', 'AA1', 'K', 'T', 'ER0', 'P', 'EH1', 'P', 'ER0']]","[['EH1', 'M', 'P', 'AE1', 'N', 'EY1', 'D', 'AH0', 'Z']]",1
704925696,"empanadas","empanidas","[['EH1', 'M', 'P', 'AE1', 'N', 'EY1', 'D', 'AH0', 'Z']]","[['EH1', 'M', 'P', 'AE1', 'N', 'IH1', 'D', 'AE1', 'Z'], ['EH1', 'M', 'P', 'AE1', 'N', 'IH1', 'D', 'EH1', 'Z'], ['EH1', 'M', 'P', 'AE1', 'N', 'AY1', 'D', 'IY1', 'AE1', 'Z'], ['EH1', 'M', 'P', 'AE1', 'N', 'AY1', 'D', 'IY1', 'EH1', 'Z']]",5
704925696,"empanidas","frenchfries","[['EH1', 'M', 'P', 'AE1', 'N', 'IH1', 'D', 'AE1', 'Z'], ['EH1', 'M', 'P', 'AE1', 'N', 'IH1', 'D', 'EH1', 'Z'], ['EH1', 'M', 'P', 'AE1', 'N', 'AY1', 'D', 'IY1', 'AE1', 'Z'], ['EH1', 'M', 'P', 'AE1', 'N', 'AY1', 'D', 'IY1', 'EH1', 'Z']]","[['F', 'R', 'EH1', 'N', 'CH', 'F', 'R', 'AY1', 'Z']]",1
704925696,"frenchfries","granolabars","[['F', 'R', 'EH1', 'N', 'CH', 'F', 'R', 'AY1', 'Z']]","[['G', 'R', 'AA1', 'N', 'OW0', 'L', 'AE1', 'B', 'AA1', 'R', 'EH1', 'S']]",2
704925696,"granolabars","grapejuice","[['G', 'R', 'AA1', 'N', 'OW0', 'L', 'AE1', 'B', 'AA1', 'R', 'EH1', 'S']]","[['G', 'R', 'EY1', 'P', 'JH', 'UW1', 'S']]",2
704925696,"grapejuice","hashbrowns","[['G', 'R', 'EY1', 'P', 'JH', 'UW1', 'S']]","[['HH', 'AE1', 'SH', 'B', 'R', 'AW1', 'N', 'Z']]",1
704925696,"hashbrowns","hotwings","[['HH', 'AE1', 'SH', 'B', 'R', 'AW1', 'N', 'Z']]","[['HH', 'AA1', 'T', 'W', 'IH1', 'NG', 'Z']]",1
704925696,"hotwings","mountaindew","[['HH', 'AA1', 'T', 'W', 'IH1', 'NG', 'Z']]","[['M', 'AW1', 'N', 'T', 'AY1', 'EH1', 'N', 'D', 'UW1'], ['M', 'AW1', 'N', 'T', 'EY1', 'AY1', 'EH1', 'N', 'D', 'UW1']]",1
704925696,"mountaindew","pepsi","[['M', 'AW1', 'N', 'T', 'AY1', 'EH1', 'N', 'D', 'UW1'], ['M', 'AW1', 'N', 'T', 'EY1', 'AY1', 'EH1', 'N', 'D', 'UW1']]","[['P', 'EH1', 'P', 'S', 'IY0']]",1
704925696,"pepsi","pizza","[['P', 'EH1', 'P', 'S', 'IY0']]","[['P', 'IY1', 'T', 'S', 'AH0']]",1
704925696,"pizza","poptarts","[['P', 'IY1', 'T', 'S', 'AH0']]","[['P', 'AA1', 'P', 'T', 'AA1', 'R', 'T', 'S']]",2
704925696,"poptarts","potatoskins","[['P', 'AA1', 'P', 'T', 'AA1', 'R', 'T', 'S']]","[['P', 'AH0', 'T', 'EY1', 'T', 'OW2', 'S', 'K', 'IH1', 'N', 'Z']]",1
704925696,"potatoskins","quesadillas","[['P', 'AH0', 'T', 'EY1', 'T', 'OW2', 'S', 'K', 'IH1', 'N', 'Z']]","[['K', 'Y', 'UW1', 'Z', 'AE1', 'D', 'IH1', 'L', 'AE1', 'Z'], ['K', 'Y', 'UW1', 'Z', 'AE1', 'D', 'IH1', 'L', 'EH1', 'Z'], ['K', 'W', 'EH1', 'S', 'AE1', 'D', 'IH1', 'L', 'AE1', 'Z'], ['K', 'W', 'EH1', 'S', 'AE1', 'D', 'IH1', 'L', 'EH1', 'Z']]",1
704925696,"quesadillas","sierramist","[['K', 'Y', 'UW1', 'Z', 'AE1', 'D', 'IH1', 'L', 'AE1', 'Z'], ['K', 'Y', 'UW1', 'Z', 'AE1', 'D', 'IH1', 'L', 'EH1', 'Z'], ['K', 'W', 'EH1', 'S', 'AE1', 'D', 'IH1', 'L', 'AE1', 'Z'], ['K', 'W', 'EH1', 'S', 'AE1', 'D', 'IH1', 'L', 'EH1', 'Z']]","[['S', 'IY0', 'EH1', 'R', 'AH0', 'M', 'IH1', 'S', 'T']]",1
704925696,"sierramist","sourcream","[['S', 'IY0', 'EH1', 'R', 'AH0', 'M', 'IH1', 'S', 'T']]","[['S', 'AW1', 'ER0', 'K', 'R', 'IY1', 'M'], ['S', 'AW1', 'R', 'K', 'R', 'IY1', 'M']]",1
704925696,"sourcream","tacos","[['S', 'AW1', 'ER0', 'K', 'R', 'IY1', 'M'], ['S', 'AW1', 'R', 'K', 'R', 'IY1', 'M']]","[['T', 'AA1', 'K', 'OW0', 'Z']]",1
704925696,"tacos","juice","[['T', 'AA1', 'K', 'OW0', 'Z']]","[['JH', 'UW1', 'S']]",0
704925696,"juice","waffles","[['JH', 'UW1', 'S']]","[['W', 'AA1', 'F', 'AH0', 'L', 'Z']]",0
642390232,"cakethathassugaronit","candy","[['K', 'EY1', 'K', 'DH', 'AE1', 'T', 'HH', 'AE1', 'S', 'Y', 'UW1', 'G', 'EH1', 'R', 'OW0', 'N', 'IH1', 'T'], ['K', 'EY1', 'K', 'DH', 'AH0', 'T', 'HH', 'AE1', 'S', 'Y', 'UW1', 'G', 'EH1', 'R', 'OW0', 'N', 'IH1', 'T']]","[['K', 'AE1', 'N', 'D', 'IY0']]",1
642390232,"candy","chocolate","[['K', 'AE1', 'N', 'D', 'IY0']]","[['CH', 'AO1', 'K', 'L', 'AH0', 'T']]",1
642390232,"chocolate","strawberries","[['CH', 'AO1', 'K', 'L', 'AH0', 'T']]","[['S', 'T', 'R', 'AO1', 'B', 'EH2', 'R', 'IY0', 'Z']]",1
642390232,"strawberries","pop","[['S', 'T', 'R', 'AO1', 'B', 'EH2', 'R', 'IY0', 'Z']]","[['P', 'AA1', 'P']]",0
642390232,"pop","cake","[['P', 'AA1', 'P']]","[['K', 'EY1', 'K']]",0
642390232,"cake","chocolatecake","[['K', 'EY1', 'K']]","[['CH', 'AA1', 'K', 'L', 'AH0', 'T', 'IY1', 'K', 'EY1', 'K']]",3
642390232,"chocolatecake","chocolatecoveredbrownies","[['CH', 'AA1', 'K', 'L', 'AH0', 'T', 'IY1', 'K', 'EY1', 'K']]","[['CH', 'AO1', 'K', 'L', 'AH0', 'T', 'K', 'AH1', 'V', 'ER0', 'D', 'B', 'R', 'AW1', 'N', 'IY0', 'Z']]",4
642390232,"chocolatecoveredbrownies","chocolatecoveredmarshmallows","[['CH', 'AO1', 'K', 'L', 'AH0', 'T', 'K', 'AH1', 'V', 'ER0', 'D', 'B', 'R', 'AW1', 'N', 'IY0', 'Z']]","[['CH', 'AO1', 'K', 'L', 'AH0', 'T', 'K', 'AH1', 'V', 'ER0', 'D', 'M', 'AA1', 'R', 'SH', 'M', 'EH2', 'L', 'OW0', 'Z']]",11
642390232,"chocolatecoveredmarshmallows","chocolatecoveredstrawberries","[['CH', 'AO1', 'K', 'L', 'AH0', 'T', 'K', 'AH1', 'V', 'ER0', 'D', 'M', 'AA1', 'R', 'SH', 'M', 'EH2', 'L', 'OW0', 'Z']]","[['CH', 'AO1', 'K', 'L', 'AH0', 'T', 'K', 'AH1', 'V', 'ER0', 'D', 'S', 'T', 'R', 'AO1', 'B', 'EH2', 'R', 'IY0', 'Z']]",11
642390232,"chocolatecoveredstrawberries","cocacola","[['CH', 'AO1', 'K', 'L', 'AH0', 'T', 'K', 'AH1', 'V', 'ER0', 'D', 'S', 'T', 'R', 'AO1', 'B', 'EH2', 'R', 'IY0', 'Z']]","[['K', 'OW1', 'K', 'AH0', 'K', 'OW1', 'L', 'AH0']]",2
642390232,"cocacola","hersheys","[['K', 'OW1', 'K', 'AH0', 'K', 'OW1', 'L', 'AH0']]","[['HH', 'ER0', 'Z', 'HH', 'EY1', 'Z'], ['HH', 'ER1', 'Z', 'HH', 'EY1', 'Z']]",0
642390232,"hersheys","kiwis","[['HH', 'ER0', 'Z', 'HH', 'EY1', 'Z'], ['HH', 'ER1', 'Z', 'HH', 'EY1', 'Z']]","[['K', 'IY1', 'W', 'IY0', 'Z']]",1
642390232,"kiwis","mms","[['K', 'IY1', 'W', 'IY0', 'Z']]","[['EH1', 'M', 'M', 'IH1', 'Z']]",1
642390232,"mms","marblecake","[['EH1', 'M', 'M', 'IH1', 'Z']]","[['M', 'AA1', 'R', 'B', 'AH0', 'L', 'K', 'EY1', 'K']]",1
642390232,"marblecake","marshmallows","[['M', 'AA1', 'R', 'B', 'AH0', 'L', 'K', 'EY1', 'K']]","[['M', 'AA1', 'R', 'SH', 'M', 'EH2', 'L', 'OW0', 'Z']]",3
642390232,"marshmallows","nastycake","[['M', 'AA1', 'R', 'SH', 'M', 'EH2', 'L', 'OW0', 'Z']]","[['N', 'AE1', 'S', 'T', 'IY0', 'K', 'EY1', 'K']]",0
642390232,"nastycake","pepsis","[['N', 'AE1', 'S', 'T', 'IY0', 'K', 'EY1', 'K']]","[['P', 'EH1', 'P', 'S', 'IH1', 'S']]",1
642390232,"pepsis","pizza","[['P', 'EH1', 'P', 'S', 'IH1', 'S']]","[['P', 'IY1', 'T', 'S', 'AH0']]",1
642390232,"pizza","salsberrysteak","[['P', 'IY1', 'T', 'S', 'AH0']]","[['S', 'AO1', 'L', 'S', 'B', 'EH0', 'R', 'IY0', 'S', 'T', 'EY1', 'K']]",1
642390232,"salsberrysteak","vanillacake","[['S', 'AO1', 'L', 'S', 'B', 'EH0', 'R', 'IY0', 'S', 'T', 'EY1', 'K']]","[['V', 'AH0', 'N', 'IH1', 'L', 'AH0', 'K', 'EY1', 'K']]",2
443681266,"broccoli","brusselsprouts","[['B', 'R', 'AA1', 'K', 'AH0', 'L', 'IY0'], ['B', 'R', 'AA1', 'K', 'L', 'IY0']]","[['B', 'R', 'AH1', 'S', 'AH0', 'L', 'S', 'P', 'R', 'AW1', 'T', 'S']]",2
443681266,"brusselsprouts","chicken","[['B', 'R', 'AH1', 'S', 'AH0', 'L', 'S', 'P', 'R', 'AW1', 'T', 'S']]","[['CH', 'IH1', 'K', 'AH0', 'N']]",1
443681266,"chicken","milk","[['CH', 'IH1', 'K', 'AH0', 'N']]","[['M', 'IH1', 'L', 'K']]",1
443681266,"milk","lemon","[['M', 'IH1', 'L', 'K']]","[['L', 'EH1', 'M', 'AH0', 'N']]",1
443681266,"lemon","orange","[['L', 'EH1', 'M', 'AH0', 'N']]","[['AO1', 'R', 'AH0', 'N', 'JH'], ['AO1', 'R', 'IH0', 'N', 'JH']]",2
443681266,"orange","cheese","[['AO1', 'R', 'AH0', 'N', 'JH'], ['AO1', 'R', 'IH0', 'N', 'JH']]","[['CH', 'IY1', 'Z']]",0
443681266,"cheese","sprite","[['CH', 'IY1', 'Z']]","[['S', 'P', 'R', 'AY1', 'T']]",0
443681266,"sprite","coke","[['S', 'P', 'R', 'AY1', 'T']]","[['K', 'OW1', 'K']]",0
443681266,"coke","macaroni","[['K', 'OW1', 'K']]","[['M', 'AE2', 'K', 'ER0', 'OW1', 'N', 'IY0']]",1
443681266,"macaroni","celery","[['M', 'AE2', 'K', 'ER0', 'OW1', 'N', 'IY0']]","[['S', 'EH1', 'L', 'ER0', 'IY0']]",1
443681266,"celery","carrots","[['S', 'EH1', 'L', 'ER0', 'IY0']]","[['K', 'AE1', 'R', 'AH0', 'T', 'S'], ['K', 'EH1', 'R', 'AH0', 'T', 'S']]",1
443681266,"carrots","tomatoes","[['K', 'AE1', 'R', 'AH0', 'T', 'S'], ['K', 'EH1', 'R', 'AH0', 'T', 'S']]","[['T', 'AH0', 'M', 'EY1', 'T', 'OW0', 'Z'], ['T', 'AH0', 'M', 'AA1', 'T', 'OW0', 'Z']]",1
443681266,"tomatoes","bread","[['T', 'AH0', 'M', 'EY1', 'T', 'OW0', 'Z'], ['T', 'AH0', 'M', 'AA1', 'T', 'OW0', 'Z']]","[['B', 'R', 'EH1', 'D']]",0
443681266,"bread","peppers","[['B', 'R', 'EH1', 'D']]","[['P', 'EH1', 'P', 'ER0', 'Z']]",1
443681266,"peppers","onions","[['P', 'EH1', 'P', 'ER0', 'Z']]","[['AH1', 'N', 'Y', 'AH0', 'N', 'Z']]",1
443681266,"onions","bacon","[['AH1', 'N', 'Y', 'AH0', 'N', 'Z']]","[['B', 'EY1', 'K', 'AH0', 'N']]",2
443681266,"bacon","eggs","[['B', 'EY1', 'K', 'AH0', 'N']]","[['EH1', 'G', 'Z']]",0
443681266,"eggs","icing","[['EH1', 'G', 'Z']]","[['AY1', 'S', 'IH0', 'NG']]",0
443681266,"icing","cake","[['AY1', 'S', 'IH0', 'NG']]","[['K', 'EY1', 'K']]",0
443681266,"cake","pie","[['K', 'EY1', 'K']]","[['P', 'AY1']]",0
443681266,"pie","cherries","[['P', 'AY1']]","[['CH', 'EH1', 'R', 'IY0', 'Z']]",0
443681266,"cherries","grapes","[['CH', 'EH1', 'R', 'IY0', 'Z']]","[['G', 'R', 'EY1', 'P', 'S']]",1
443681266,"grapes","bananas","[['G', 'R', 'EY1', 'P', 'S']]","[['B', 'AH0', 'N', 'AE1', 'N', 'AH0', 'Z']]",0
443681266,"bananas","drpepper","[['B', 'AH0', 'N', 'AE1', 'N', 'AH0', 'Z']]","[['D', 'R', 'AY1', 'V', 'P', 'EH1', 'P', 'ER0'], ['D', 'AA1', 'K', 'T', 'ER0', 'P', 'EH1', 'P', 'ER0']]",0
443681266,"drpepper","gingerale","[['D', 'R', 'AY1', 'V', 'P', 'EH1', 'P', 'ER0'], ['D', 'AA1', 'K', 'T', 'ER0', 'P', 'EH1', 'P', 'ER0']]","[['JH', 'IH1', 'NG', 'EH1', 'R', 'AH0', 'L', 'AH0'], ['JH', 'IH1', 'NG', 'IH1', 'R', 'AH0', 'L', 'AH0']]",1
443681266,"gingerale","grapejuice","[['JH', 'IH1', 'NG', 'EH1', 'R', 'AH0', 'L', 'AH0'], ['JH', 'IH1', 'NG', 'IH1', 'R', 'AH0', 'L', 'AH0']]","[['G', 'R', 'EY1', 'P', 'JH', 'UW1', 'S']]",1
443681266,"grapejuice","mountaindew","[['G', 'R', 'EY1', 'P', 'JH', 'UW1', 'S']]","[['M', 'AW1', 'N', 'T', 'AY1', 'EH1', 'N', 'D', 'UW1'], ['M', 'AW1', 'N', 'T', 'EY1', 'AY1', 'EH1', 'N', 'D', 'UW1']]",1
443681266,"mountaindew","orangejuice","[['M', 'AW1', 'N', 'T', 'AY1', 'EH1', 'N', 'D', 'UW1'], ['M', 'AW1', 'N', 'T', 'EY1', 'AY1', 'EH1', 'N', 'D', 'UW1']]","[['AO1', 'R', 'AH0', 'N', 'JH', 'JH', 'UW1', 'S'], ['AO1', 'R', 'IH0', 'N', 'JH', 'JH', 'UW1', 'S']]",1
443681266,"orangejuice","pepsi","[['AO1', 'R', 'AH0', 'N', 'JH', 'JH', 'UW1', 'S'], ['AO1', 'R', 'IH0', 'N', 'JH', 'JH', 'UW1', 'S']]","[['P', 'EH1', 'P', 'S', 'IY0']]",1
600164385,"applejuice","broccoli","[['AE1', 'P', 'AH0', 'L', 'JH', 'UW1', 'S']]","[['B', 'R', 'AA1', 'K', 'AH0', 'L', 'IY0'], ['B', 'R', 'AA1', 'K', 'L', 'IY0']]",2
600164385,"broccoli","water","[['B', 'R', 'AA1', 'K', 'AH0', 'L', 'IY0'], ['B', 'R', 'AA1', 'K', 'L', 'IY0']]","[['W', 'AO1', 'T', 'ER0']]",0
600164385,"water","apple","[['W', 'AO1', 'T', 'ER0']]","[['AE1', 'P', 'AH0', 'L']]",0
600164385,"apple","oranges","[['AE1', 'P', 'AH0', 'L']]","[['AO1', 'R', 'AH0', 'N', 'JH', 'AH0', 'Z'], ['AO1', 'R', 'IH0', 'N', 'JH', 'IH0', 'Z']]",1
600164385,"oranges","soda","[['AO1', 'R', 'AH0', 'N', 'JH', 'AH0', 'Z'], ['AO1', 'R', 'IH0', 'N', 'JH', 'IH0', 'Z']]","[['S', 'OW1', 'D', 'AH0']]",1
600164385,"soda","grapes","[['S', 'OW1', 'D', 'AH0']]","[['G', 'R', 'EY1', 'P', 'S']]",1
600164385,"grapes","candy","[['G', 'R', 'EY1', 'P', 'S']]","[['K', 'AE1', 'N', 'D', 'IY0']]",0
600164385,"candy","steak","[['K', 'AE1', 'N', 'D', 'IY0']]","[['S', 'T', 'EY1', 'K']]",1
600164385,"steak","chicken","[['S', 'T', 'EY1', 'K']]","[['CH', 'IH1', 'K', 'AH0', 'N']]",1
600164385,"chicken","pomegranate","[['CH', 'IH1', 'K', 'AH0', 'N']]","[['P', 'AO1', 'M', 'IY1', 'G', 'R', 'AE1', 'N', 'EY1', 'T']]",1
600164385,"pomegranate","carrots","[['P', 'AO1', 'M', 'IY1', 'G', 'R', 'AE1', 'N', 'EY1', 'T']]","[['K', 'AE1', 'R', 'AH0', 'T', 'S'], ['K', 'EH1', 'R', 'AH0', 'T', 'S']]",1
600164385,"carrots","turkey","[['K', 'AE1', 'R', 'AH0', 'T', 'S'], ['K', 'EH1', 'R', 'AH0', 'T', 'S']]","[['T', 'ER1', 'K', 'IY0']]",1
600164385,"turkey","ham","[['T', 'ER1', 'K', 'IY0']]","[['HH', 'AE1', 'M']]",0
600164385,"ham","wraps","[['HH', 'AE1', 'M']]","[['R', 'AE1', 'P', 'S']]",1
600164385,"wraps","lettuce","[['R', 'AE1', 'P', 'S']]","[['L', 'EH1', 'T', 'AH0', 'S']]",1
600164385,"lettuce","tomatoes","[['L', 'EH1', 'T', 'AH0', 'S']]","[['T', 'AH0', 'M', 'EY1', 'T', 'OW0', 'Z'], ['T', 'AH0', 'M', 'AA1', 'T', 'OW0', 'Z']]",2
600164385,"tomatoes","spinach","[['T', 'AH0', 'M', 'EY1', 'T', 'OW0', 'Z'], ['T', 'AH0', 'M', 'AA1', 'T', 'OW0', 'Z']]","[['S', 'P', 'IH1', 'N', 'AH0', 'CH']]",1
600164385,"spinach","jelly","[['S', 'P', 'IH1', 'N', 'AH0', 'CH']]","[['JH', 'EH1', 'L', 'IY0']]",0
600164385,"jelly","bread","[['JH', 'EH1', 'L', 'IY0']]","[['B', 'R', 'EH1', 'D']]",1
600164385,"bread","butter","[['B', 'R', 'EH1', 'D']]","[['B', 'AH1', 'T', 'ER0']]",1
600164385,"butter","fastfood","[['B', 'AH1', 'T', 'ER0']]","[['F', 'AE1', 'S', 'T', 'F', 'UW2', 'D']]",1
600164385,"fastfood","gatorade","[['F', 'AE1', 'S', 'T', 'F', 'UW2', 'D']]","[['G', 'AE1', 'T', 'ER0', 'EY2', 'D']]",1
600164385,"gatorade","granolabars","[['G', 'AE1', 'T', 'ER0', 'EY2', 'D']]","[['G', 'R', 'AA1', 'N', 'OW0', 'L', 'AE1', 'B', 'AA1', 'R', 'EH1', 'S']]",1
600164385,"granolabars","grapefruits","[['G', 'R', 'AA1', 'N', 'OW0', 'L', 'AE1', 'B', 'AA1', 'R', 'EH1', 'S']]","[['G', 'R', 'EY1', 'P', 'F', 'R', 'UW2', 'T', 'S']]",2
600164385,"grapefruits","grapejuice","[['G', 'R', 'EY1', 'P', 'F', 'R', 'UW2', 'T', 'S']]","[['G', 'R', 'EY1', 'P', 'JH', 'UW1', 'S']]",4
600164385,"grapejuice","hotpockets","[['G', 'R', 'EY1', 'P', 'JH', 'UW1', 'S']]","[['HH', 'AA1', 'T', 'P', 'AA1', 'K', 'AH0', 'T', 'S']]",1
600164385,"hotpockets","icecream","[['HH', 'AA1', 'T', 'P', 'AA1', 'K', 'AH0', 'T', 'S']]","[['AY1', 'S', 'K', 'R', 'IY1', 'M']]",1
600164385,"icecream","orangejuice","[['AY1', 'S', 'K', 'R', 'IY1', 'M']]","[['AO1', 'R', 'AH0', 'N', 'JH', 'JH', 'UW1', 'S'], ['AO1', 'R', 'IH0', 'N', 'JH', 'JH', 'UW1', 'S']]",1
600164385,"orangejuice","peanutbutter","[['AO1', 'R', 'AH0', 'N', 'JH', 'JH', 'UW1', 'S'], ['AO1', 'R', 'IH0', 'N', 'JH', 'JH', 'UW1', 'S']]","[['P', 'IY1', 'N', 'AH0', 'T', 'B', 'AH1', 'T', 'ER0'], ['P', 'IY1', 'N', 'AH2', 'T', 'B', 'AH1', 'T', 'ER0']]",1
600164385,"peanutbutter","powerade","[['P', 'IY1', 'N', 'AH0', 'T', 'B', 'AH1', 'T', 'ER0'], ['P', 'IY1', 'N', 'AH2', 'T', 'B', 'AH1', 'T', 'ER0']]","[['P', 'AW1', 'R', 'AA1', 'D', 'IY1'], ['P', 'AW1', 'R', 'AA1', 'D', 'EY1'], ['P', 'AW1', 'R', 'AA1', 'D', 'AH0']]",1
600164385,"powerade","tacos","[['P', 'AW1', 'R', 'AA1', 'D', 'IY1'], ['P', 'AW1', 'R', 'AA1', 'D', 'EY1'], ['P', 'AW1', 'R', 'AA1', 'D', 'AH0']]","[['T', 'AA1', 'K', 'OW0', 'Z']]",1
256739546,"apple","banana","[['AE1', 'P', 'AH0', 'L']]","[['B', 'AH0', 'N', 'AE1', 'N', 'AH0']]",1
256739546,"banana","orange","[['B', 'AH0', 'N', 'AE1', 'N', 'AH0']]","[['AO1', 'R', 'AH0', 'N', 'JH'], ['AO1', 'R', 'IH0', 'N', 'JH']]",2
256739546,"orange","chicken","[['AO1', 'R', 'AH0', 'N', 'JH'], ['AO1', 'R', 'IH0', 'N', 'JH']]","[['CH', 'IH1', 'K', 'AH0', 'N']]",2
256739546,"chicken","milk","[['CH', 'IH1', 'K', 'AH0', 'N']]","[['M', 'IH1', 'L', 'K']]",1
256739546,"milk","soda","[['M', 'IH1', 'L', 'K']]","[['S', 'OW1', 'D', 'AH0']]",0
256739546,"soda","lemonade","[['S', 'OW1', 'D', 'AH0']]","[['L', 'EH1', 'M', 'AH0', 'N', 'EY1', 'D']]",1
256739546,"lemonade","meat","[['L', 'EH1', 'M', 'AH0', 'N', 'EY1', 'D']]","[['M', 'IY1', 'T']]",1
256739546,"meat","eggs","[['M', 'IY1', 'T']]","[['EH1', 'G', 'Z']]",0
256739546,"eggs","sausage","[['EH1', 'G', 'Z']]","[['S', 'AO1', 'S', 'AH0', 'JH'], ['S', 'AO1', 'S', 'IH0', 'JH']]",0
256739546,"sausage","salad","[['S', 'AO1', 'S', 'AH0', 'JH'], ['S', 'AO1', 'S', 'IH0', 'JH']]","[['S', 'AE1', 'L', 'AH0', 'D']]",1
256739546,"salad","milk","[['S', 'AE1', 'L', 'AH0', 'D']]","[['M', 'IH1', 'L', 'K']]",1
256739546,"milk","bread","[['M', 'IH1', 'L', 'K']]","[['B', 'R', 'EH1', 'D']]",0
256739546,"bread","candy","[['B', 'R', 'EH1', 'D']]","[['K', 'AE1', 'N', 'D', 'IY0']]",1
256739546,"candy","ham","[['K', 'AE1', 'N', 'D', 'IY0']]","[['HH', 'AE1', 'M']]",1
256739546,"ham","fish","[['HH', 'AE1', 'M']]","[['F', 'IH1', 'SH']]",0
256739546,"fish","hamburger","[['F', 'IH1', 'SH']]","[['HH', 'AE1', 'M', 'B', 'ER0', 'G', 'ER0']]",0
256739546,"hamburger","icedtea","[['HH', 'AE1', 'M', 'B', 'ER0', 'G', 'ER0']]","[['AY1', 'S', 'T', 'T', 'IY1']]",0
256739546,"icedtea","orangejuice","[['AY1', 'S', 'T', 'T', 'IY1']]","[['AO1', 'R', 'AH0', 'N', 'JH', 'JH', 'UW1', 'S'], ['AO1', 'R', 'IH0', 'N', 'JH', 'JH', 'UW1', 'S']]",1
256739546,"orangejuice","spaghetti","[['AO1', 'R', 'AH0', 'N', 'JH', 'JH', 'UW1', 'S'], ['AO1', 'R', 'IH0', 'N', 'JH', 'JH', 'UW1', 'S']]","[['S', 'P', 'AH0', 'G', 'EH1', 'T', 'IY0']]",1
174575632,"baklava","chickenpotpie","[['B', 'AE1', 'K', 'L', 'AA1', 'V', 'AH0']]","[['CH', 'IH1', 'K', 'AH0', 'N', 'P', 'AA1', 'T', 'P', 'AY2']]",1
174575632,"chickenpotpie","chickensandwich","[['CH', 'IH1', 'K', 'AH0', 'N', 'P', 'AA1', 'T', 'P', 'AY2']]","[['CH', 'IH1', 'K', 'AH0', 'N', 'Z', 'AH0', 'N', 'D', 'W', 'IH1', 'CH'], ['CH', 'IH1', 'K', 'AH0', 'N', 'Z', 'AE1', 'N', 'D', 'W', 'IH1', 'CH']]",5
174575632,"chickensandwich","chips","[['CH', 'IH1', 'K', 'AH0', 'N', 'Z', 'AH0', 'N', 'D', 'W', 'IH1', 'CH'], ['CH', 'IH1', 'K', 'AH0', 'N', 'Z', 'AE1', 'N', 'D', 'W', 'IH1', 'CH']]","[['CH', 'IH1', 'P', 'S']]",2
174575632,"chips","soda","[['CH', 'IH1', 'P', 'S']]","[['S', 'OW1', 'D', 'AH0']]",1
174575632,"soda","sprite","[['S', 'OW1', 'D', 'AH0']]","[['S', 'P', 'R', 'AY1', 'T']]",1
174575632,"sprite","coke","[['S', 'P', 'R', 'AY1', 'T']]","[['K', 'OW1', 'K']]",0
174575632,"coke","turkey","[['K', 'OW1', 'K']]","[['T', 'ER1', 'K', 'IY0']]",1
174575632,"turkey","gravy","[['T', 'ER1', 'K', 'IY0']]","[['G', 'R', 'EY1', 'V', 'IY0']]",1
174575632,"gravy","beans","[['G', 'R', 'EY1', 'V', 'IY0']]","[['B', 'IY1', 'N', 'Z']]",1
174575632,"beans","bacon","[['B', 'IY1', 'N', 'Z']]","[['B', 'EY1', 'K', 'AH0', 'N']]",1
174575632,"bacon","water","[['B', 'EY1', 'K', 'AH0', 'N']]","[['W', 'AO1', 'T', 'ER0']]",0
174575632,"water","sugar","[['W', 'AO1', 'T', 'ER0']]","[['SH', 'UH1', 'G', 'ER0']]",1
174575632,"sugar","salt","[['SH', 'UH1', 'G', 'ER0']]","[['S', 'AO1', 'L', 'T']]",0
174575632,"salt","pepper","[['S', 'AO1', 'L', 'T']]","[['P', 'EH1', 'P', 'ER0']]",0
174575632,"pepper","chicken","[['P', 'EH1', 'P', 'ER0']]","[['CH', 'IH1', 'K', 'AH0', 'N']]",0
174575632,"chicken","cranberrysauce","[['CH', 'IH1', 'K', 'AH0', 'N']]","[['K', 'R', 'AE1', 'N', 'B', 'EH2', 'R', 'IY0', 'S', 'AO1', 'S']]",1
174575632,"cranberrysauce","donuts","[['K', 'R', 'AE1', 'N', 'B', 'EH2', 'R', 'IY0', 'S', 'AO1', 'S']]","[['D', 'OW1', 'N', 'AH2', 'T', 'S']]",1
174575632,"donuts","koolaid","[['D', 'OW1', 'N', 'AH2', 'T', 'S']]","[['K', 'UW1', 'L', 'EY1', 'D']]",1
174575632,"koolaid","mashedpotatoes","[['K', 'UW1', 'L', 'EY1', 'D']]","[['M', 'AE1', 'SH', 'T', 'P', 'AH0', 'T', 'EY1', 'T', 'OW0', 'Z']]",1
174575632,"mashedpotatoes","pizza","[['M', 'AE1', 'SH', 'T', 'P', 'AH0', 'T', 'EY1', 'T', 'OW0', 'Z']]","[['P', 'IY1', 'T', 'S', 'AH0']]",1
787839024,"allfoods","cereal","[['AO1', 'L', 'F', 'UW1', 'D', 'Z']]","[['S', 'IH1', 'R', 'IY0', 'AH0', 'L']]",1
787839024,"cereal","chocolates","[['S', 'IH1', 'R', 'IY0', 'AH0', 'L']]","[['CH', 'AO1', 'K', 'L', 'AH0', 'T', 'S']]",1
787839024,"chocolates","apples","[['CH', 'AO1', 'K', 'L', 'AH0', 'T', 'S']]","[['AE1', 'P', 'AH0', 'L', 'Z']]",1
787839024,"apples","candy","[['AE1', 'P', 'AH0', 'L', 'Z']]","[['K', 'AE1', 'N', 'D', 'IY0']]",1
787839024,"candy","soda","[['K', 'AE1', 'N', 'D', 'IY0']]","[['S', 'OW1', 'D', 'AH0']]",1
787839024,"soda","water","[['S', 'OW1', 'D', 'AH0']]","[['W', 'AO1', 'T', 'ER0']]",0
787839024,"water","juice","[['W', 'AO1', 'T', 'ER0']]","[['JH', 'UW1', 'S']]",0
787839024,"juice","sweets","[['JH', 'UW1', 'S']]","[['S', 'W', 'IY1', 'T', 'S']]",1
787839024,"sweets","meats","[['S', 'W', 'IY1', 'T', 'S']]","[['M', 'IY1', 'T', 'S']]",3
787839024,"meats","dairy","[['M', 'IY1', 'T', 'S']]","[['D', 'EH1', 'R', 'IY0']]",1
787839024,"dairy","fruits","[['D', 'EH1', 'R', 'IY0']]","[['F', 'R', 'UW1', 'T', 'S']]",1
787839024,"fruits","apples","[['F', 'R', 'UW1', 'T', 'S']]","[['AE1', 'P', 'AH0', 'L', 'Z']]",0
787839024,"apples","bananas","[['AE1', 'P', 'AH0', 'L', 'Z']]","[['B', 'AH0', 'N', 'AE1', 'N', 'AH0', 'Z']]",1
787839024,"bananas","onions","[['B', 'AH0', 'N', 'AE1', 'N', 'AH0', 'Z']]","[['AH1', 'N', 'Y', 'AH0', 'N', 'Z']]",2
787839024,"onions","oatmeal","[['AH1', 'N', 'Y', 'AH0', 'N', 'Z']]","[['OW1', 'T', 'M', 'IY2', 'L']]",0
787839024,"oatmeal","corn","[['OW1', 'T', 'M', 'IY2', 'L']]","[['K', 'AO1', 'R', 'N']]",0
787839024,"corn","celery","[['K', 'AO1', 'R', 'N']]","[['S', 'EH1', 'L', 'ER0', 'IY0']]",0
787839024,"celery","onions","[['S', 'EH1', 'L', 'ER0', 'IY0']]","[['AH1', 'N', 'Y', 'AH0', 'N', 'Z']]",0
787839024,"onions","milk","[['AH1', 'N', 'Y', 'AH0', 'N', 'Z']]","[['M', 'IH1', 'L', 'K']]",0
787839024,"milk","cheese","[['M', 'IH1', 'L', 'K']]","[['CH', 'IY1', 'Z']]",0
787839024,"cheese","frenchtoast","[['CH', 'IY1', 'Z']]","[['F', 'R', 'EH1', 'N', 'CH', 'T', 'OW1', 'S', 'T']]",1
787839024,"frenchtoast","granolabars","[['F', 'R', 'EH1', 'N', 'CH', 'T', 'OW1', 'S', 'T']]","[['G', 'R', 'AA1', 'N', 'OW0', 'L', 'AE1', 'B', 'AA1', 'R', 'EH1', 'S']]",2
787839024,"granolabars","greenbeans","[['G', 'R', 'AA1', 'N', 'OW0', 'L', 'AE1', 'B', 'AA1', 'R', 'EH1', 'S']]","[['G', 'R', 'IY1', 'N', 'B', 'IY1', 'N', 'Z']]",2
787839024,"greenbeans","greenpeppers","[['G', 'R', 'IY1', 'N', 'B', 'IY1', 'N', 'Z']]","[['G', 'R', 'IY1', 'N', 'P', 'EH1', 'P', 'ER0', 'Z']]",4
787839024,"greenpeppers","pizza","[['G', 'R', 'IY1', 'N', 'P', 'EH1', 'P', 'ER0', 'Z']]","[['P', 'IY1', 'T', 'S', 'AH0']]",1
787839024,"pizza","seasonings","[['P', 'IY1', 'T', 'S', 'AH0']]","[['S', 'IY1', 'Z', 'AH0', 'N', 'IH0', 'NG', 'Z']]",1
787839024,"seasonings","veggie","[['S', 'IY1', 'Z', 'AH0', 'N', 'IH0', 'NG', 'Z']]","[['V', 'EH1', 'JH', 'IY0']]",1
787839024,"veggie","veggies","[['V', 'EH1', 'JH', 'IY0']]","[['V', 'EH1', 'JH', 'IY0', 'Z']]",4
787839024,"veggies","waffles","[['V', 'EH1', 'JH', 'IY0', 'Z']]","[['W', 'AA1', 'F', 'AH0', 'L', 'Z']]",1
706477239,"applejuice","bakedpotato","[['AE1', 'P', 'AH0', 'L', 'JH', 'UW1', 'S']]","[['B', 'EY1', 'K', 'T', 'P', 'AH0', 'T', 'EY1', 'T', 'OW2']]",2
706477239,"bakedpotato","burrito","[['B', 'EY1', 'K', 'T', 'P', 'AH0', 'T', 'EY1', 'T', 'OW2']]","[['B', 'ER0', 'IY1', 'T', 'OW0']]",2
706477239,"burrito","cheesestick","[['B', 'ER0', 'IY1', 'T', 'OW0']]","[['CH', 'IY1', 'Z', 'S', 'T', 'IH1', 'K']]",1
706477239,"cheesestick","pickles","[['CH', 'IY1', 'Z', 'S', 'T', 'IH1', 'K']]","[['P', 'IH1', 'K', 'AH0', 'L', 'Z']]",2
706477239,"pickles","cheese","[['P', 'IH1', 'K', 'AH0', 'L', 'Z']]","[['CH', 'IY1', 'Z']]",1
706477239,"cheese","water","[['CH', 'IY1', 'Z']]","[['W', 'AO1', 'T', 'ER0']]",0
706477239,"water","tea","[['W', 'AO1', 'T', 'ER0']]","[['T', 'IY1']]",1
706477239,"tea","cake","[['T', 'IY1']]","[['K', 'EY1', 'K']]",0
706477239,"cake","apples","[['K', 'EY1', 'K']]","[['AE1', 'P', 'AH0', 'L', 'Z']]",0
706477239,"apples","bananas","[['AE1', 'P', 'AH0', 'L', 'Z']]","[['B', 'AH0', 'N', 'AE1', 'N', 'AH0', 'Z']]",1
706477239,"bananas","oranges","[['B', 'AH0', 'N', 'AE1', 'N', 'AH0', 'Z']]","[['AO1', 'R', 'AH0', 'N', 'JH', 'AH0', 'Z'], ['AO1', 'R', 'IH0', 'N', 'JH', 'IH0', 'Z']]",2
706477239,"oranges","eggplant","[['AO1', 'R', 'AH0', 'N', 'JH', 'AH0', 'Z'], ['AO1', 'R', 'IH0', 'N', 'JH', 'IH0', 'Z']]","[['EH1', 'G', 'P', 'L', 'AE2', 'N', 'T']]",1
706477239,"eggplant","beef","[['EH1', 'G', 'P', 'L', 'AE2', 'N', 'T']]","[['B', 'IY1', 'F']]",0
706477239,"beef","ham","[['B', 'IY1', 'F']]","[['HH', 'AE1', 'M']]",0
706477239,"ham","turkey","[['HH', 'AE1', 'M']]","[['T', 'ER1', 'K', 'IY0']]",0
706477239,"turkey","peas","[['T', 'ER1', 'K', 'IY0']]","[['P', 'IY1', 'Z']]",1
706477239,"peas","carrots","[['P', 'IY1', 'Z']]","[['K', 'AE1', 'R', 'AH0', 'T', 'S'], ['K', 'EH1', 'R', 'AH0', 'T', 'S']]",0
706477239,"carrots","corn","[['K', 'AE1', 'R', 'AH0', 'T', 'S'], ['K', 'EH1', 'R', 'AH0', 'T', 'S']]","[['K', 'AO1', 'R', 'N']]",1
706477239,"corn","chicken","[['K', 'AO1', 'R', 'N']]","[['CH', 'IH1', 'K', 'AH0', 'N']]",1
706477239,"chicken","biscuits","[['CH', 'IH1', 'K', 'AH0', 'N']]","[['B', 'IH1', 'S', 'K', 'AH0', 'T', 'S']]",2
706477239,"biscuits","coke","[['B', 'IH1', 'S', 'K', 'AH0', 'T', 'S']]","[['K', 'OW1', 'K']]",1
706477239,"coke","sprite","[['K', 'OW1', 'K']]","[['S', 'P', 'R', 'AY1', 'T']]",0
706477239,"sprite","fries","[['S', 'P', 'R', 'AY1', 'T']]","[['F', 'R', 'AY1', 'Z']]",2
706477239,"fries","hamburgers","[['F', 'R', 'AY1', 'Z']]","[['HH', 'AE1', 'M', 'B', 'ER0', 'G', 'ER0', 'Z']]",1
706477239,"hamburgers","koolaid","[['HH', 'AE1', 'M', 'B', 'ER0', 'G', 'ER0', 'Z']]","[['K', 'UW1', 'L', 'EY1', 'D']]",0
706477239,"koolaid","macaroniandcheese","[['K', 'UW1', 'L', 'EY1', 'D']]","[['M', 'AE2', 'K', 'ER0', 'OW1', 'N', 'IY0', 'AH0', 'N', 'D', 'CH', 'IY1', 'Z'], ['M', 'AE2', 'K', 'ER0', 'OW1', 'N', 'IY0', 'AE1', 'N', 'D', 'CH', 'IY1', 'Z']]",1
706477239,"macaroniandcheese","mashedpotatoes","[['M', 'AE2', 'K', 'ER0', 'OW1', 'N', 'IY0', 'AH0', 'N', 'D', 'CH', 'IY1', 'Z'], ['M', 'AE2', 'K', 'ER0', 'OW1', 'N', 'IY0', 'AE1', 'N', 'D', 'CH', 'IY1', 'Z']]","[['M', 'AE1', 'SH', 'T', 'P', 'AH0', 'T', 'EY1', 'T', 'OW0', 'Z']]",2
706477239,"mashedpotatoes","orangejuice","[['M', 'AE1', 'SH', 'T', 'P', 'AH0', 'T', 'EY1', 'T', 'OW0', 'Z']]","[['AO1', 'R', 'AH0', 'N', 'JH', 'JH', 'UW1', 'S'], ['AO1', 'R', 'IH0', 'N', 'JH', 'JH', 'UW1', 'S']]",1
706477239,"orangejuice","pepsi","[['AO1', 'R', 'AH0', 'N', 'JH', 'JH', 'UW1', 'S'], ['AO1', 'R', 'IH0', 'N', 'JH', 'JH', 'UW1', 'S']]","[['P', 'EH1', 'P', 'S', 'IY0']]",1
706477239,"pepsi","pizza","[['P', 'EH1', 'P', 'S', 'IY0']]","[['P', 'IY1', 'T', 'S', 'AH0']]",1
706477239,"pizza","quesadilla","[['P', 'IY1', 'T', 'S', 'AH0']]","[['K', 'Y', 'UW1', 'Z', 'AE1', 'D', 'IH1', 'L', 'L', 'AA1'], ['K', 'W', 'EH1', 'S', 'AE1', 'D', 'IH1', 'L', 'L', 'AA1']]",0
663737401,"applejuice","bagel","[['AE1', 'P', 'AH0', 'L', 'JH', 'UW1', 'S']]","[['B', 'EY1', 'G', 'AH0', 'L']]",2
663737401,"bagel","cheeseburger","[['B', 'EY1', 'G', 'AH0', 'L']]","[['CH', 'IY1', 'Z', 'B', 'ER0', 'G', 'ER0']]",1
663737401,"cheeseburger","chickennuggetsoup","[['CH', 'IY1', 'Z', 'B', 'ER0', 'G', 'ER0']]","[['CH', 'IH1', 'K', 'AH0', 'N', 'N', 'AH1', 'G', 'IH0', 'T', 'S', 'UW1', 'P']]",1
663737401,"chickennuggetsoup","fanta","[['CH', 'IH1', 'K', 'AH0', 'N', 'N', 'AH1', 'G', 'IH0', 'T', 'S', 'UW1', 'P']]","[['F', 'AA1', 'N', 'T', 'AH0']]",1
663737401,"fanta","water","[['F', 'AA1', 'N', 'T', 'AH0']]","[['W', 'AO1', 'T', 'ER0']]",1
663737401,"water","pop","[['W', 'AO1', 'T', 'ER0']]","[['P', 'AA1', 'P']]",0
663737401,"pop","soup","[['P', 'AA1', 'P']]","[['S', 'UW1', 'P']]",1
663737401,"soup","coke","[['S', 'UW1', 'P']]","[['K', 'OW1', 'K']]",0
663737401,"coke","water","[['K', 'OW1', 'K']]","[['W', 'AO1', 'T', 'ER0']]",0
663737401,"water","toast","[['W', 'AO1', 'T', 'ER0']]","[['T', 'OW1', 'S', 'T']]",1
663737401,"toast","frenchtoast","[['T', 'OW1', 'S', 'T']]","[['F', 'R', 'EH1', 'N', 'CH', 'T', 'OW1', 'S', 'T']]",4
663737401,"frenchtoast","pancakes","[['F', 'R', 'EH1', 'N', 'CH', 'T', 'OW1', 'S', 'T']]","[['P', 'AE1', 'N', 'K', 'EY2', 'K', 'S']]",1
663737401,"pancakes","grapejuice","[['P', 'AE1', 'N', 'K', 'EY2', 'K', 'S']]","[['G', 'R', 'EY1', 'P', 'JH', 'UW1', 'S']]",1
663737401,"grapejuice","hamburgers","[['G', 'R', 'EY1', 'P', 'JH', 'UW1', 'S']]","[['HH', 'AE1', 'M', 'B', 'ER0', 'G', 'ER0', 'Z']]",1
663737401,"hamburgers","peanutbutterandjelly","[['HH', 'AE1', 'M', 'B', 'ER0', 'G', 'ER0', 'Z']]","[['P', 'IY1', 'N', 'AH0', 'T', 'B', 'AH1', 'T', 'ER0', 'AH0', 'N', 'D', 'JH', 'EH1', 'L', 'IY0'], ['P', 'IY1', 'N', 'AH0', 'T', 'B', 'AH1', 'T', 'ER0', 'AE1', 'N', 'D', 'JH', 'EH1', 'L', 'IY0'], ['P', 'IY1', 'N', 'AH2', 'T', 'B', 'AH1', 'T', 'ER0', 'AH0', 'N', 'D', 'JH', 'EH1', 'L', 'IY0'], ['P', 'IY1', 'N', 'AH2', 'T', 'B', 'AH1', 'T', 'ER0', 'AE1', 'N', 'D', 'JH', 'EH1', 'L', 'IY0']]",1
663737401,"peanutbutterandjelly","pizza","[['P', 'IY1', 'N', 'AH0', 'T', 'B', 'AH1', 'T', 'ER0', 'AH0', 'N', 'D', 'JH', 'EH1', 'L', 'IY0'], ['P', 'IY1', 'N', 'AH0', 'T', 'B', 'AH1', 'T', 'ER0', 'AE1', 'N', 'D', 'JH', 'EH1', 'L', 'IY0'], ['P', 'IY1', 'N', 'AH2', 'T', 'B', 'AH1', 'T', 'ER0', 'AH0', 'N', 'D', 'JH', 'EH1', 'L', 'IY0'], ['P', 'IY1', 'N', 'AH2', 'T', 'B', 'AH1', 'T', 'ER0', 'AE1', 'N', 'D', 'JH', 'EH1', 'L', 'IY0']]","[['P', 'IY1', 'T', 'S', 'AH0']]",2
663737401,"pizza","waffles","[['P', 'IY1', 'T', 'S', 'AH0']]","[['W', 'AA1', 'F', 'AH0', 'L', 'Z']]",1
836762645,"blackbeans","broccoli","[['B', 'L', 'AE1', 'K', 'B', 'IY1', 'N', 'Z']]","[['B', 'R', 'AA1', 'K', 'AH0', 'L', 'IY0'], ['B', 'R', 'AA1', 'K', 'L', 'IY0']]",1
836762645,"broccoli","candycanes","[['B', 'R', 'AA1', 'K', 'AH0', 'L', 'IY0'], ['B', 'R', 'AA1', 'K', 'L', 'IY0']]","[['K', 'AE1', 'N', 'D', 'IY0', 'K', 'EY1', 'N', 'Z']]",1
836762645,"candycanes","cauliflour","[['K', 'AE1', 'N', 'D', 'IY0', 'K', 'EY1', 'N', 'Z']]","[['K', 'AA1', 'L', 'IH1', 'F', 'L', 'AW1', 'R'], ['K', 'AA1', 'L', 'IH0', 'F', 'L', 'AW1', 'R'], ['K', 'AO1', 'L', 'IH1', 'F', 'L', 'AW1', 'R'], ['K', 'AO1', 'L', 'IH0', 'F', 'L', 'AW1', 'R']]",1
836762645,"cauliflour","toast","[['K', 'AA1', 'L', 'IH1', 'F', 'L', 'AW1', 'R'], ['K', 'AA1', 'L', 'IH0', 'F', 'L', 'AW1', 'R'], ['K', 'AO1', 'L', 'IH1', 'F', 'L', 'AW1', 'R'], ['K', 'AO1', 'L', 'IH0', 'F', 'L', 'AW1', 'R']]","[['T', 'OW1', 'S', 'T']]",0
836762645,"toast","butter","[['T', 'OW1', 'S', 'T']]","[['B', 'AH1', 'T', 'ER0']]",1
836762645,"butter","cheese","[['B', 'AH1', 'T', 'ER0']]","[['CH', 'IY1', 'Z']]",0
836762645,"cheese","crackers","[['CH', 'IY1', 'Z']]","[['K', 'R', 'AE1', 'K', 'ER0', 'Z']]",1
836762645,"crackers","fish","[['K', 'R', 'AE1', 'K', 'ER0', 'Z']]","[['F', 'IH1', 'SH']]",0
836762645,"fish","lobster","[['F', 'IH1', 'SH']]","[['L', 'AA1', 'B', 'S', 'T', 'ER0']]",0
836762645,"lobster","crab","[['L', 'AA1', 'B', 'S', 'T', 'ER0']]","[['K', 'R', 'AE1', 'B']]",1
836762645,"crab","bread","[['K', 'R', 'AE1', 'B']]","[['B', 'R', 'EH1', 'D']]",1
836762645,"bread","shrimp","[['B', 'R', 'EH1', 'D']]","[['SH', 'R', 'IH1', 'M', 'P']]",1
836762645,"shrimp","lettuce","[['SH', 'R', 'IH1', 'M', 'P']]","[['L', 'EH1', 'T', 'AH0', 'S']]",0
836762645,"lettuce","carrots","[['L', 'EH1', 'T', 'AH0', 'S']]","[['K', 'AE1', 'R', 'AH0', 'T', 'S'], ['K', 'EH1', 'R', 'AH0', 'T', 'S']]",1
836762645,"carrots","beans","[['K', 'AE1', 'R', 'AH0', 'T', 'S'], ['K', 'EH1', 'R', 'AH0', 'T', 'S']]","[['B', 'IY1', 'N', 'Z']]",0
836762645,"beans","greenbeans","[['B', 'IY1', 'N', 'Z']]","[['G', 'R', 'IY1', 'N', 'B', 'IY1', 'N', 'Z']]",4
836762645,"greenbeans","macandcheese","[['G', 'R', 'IY1', 'N', 'B', 'IY1', 'N', 'Z']]","[['M', 'AE1', 'K', 'AH0', 'N', 'D', 'CH', 'IY1', 'Z'], ['M', 'AE1', 'K', 'AE1', 'N', 'D', 'CH', 'IY1', 'Z']]",1
836762645,"macandcheese","marshmallows","[['M', 'AE1', 'K', 'AH0', 'N', 'D', 'CH', 'IY1', 'Z'], ['M', 'AE1', 'K', 'AE1', 'N', 'D', 'CH', 'IY1', 'Z']]","[['M', 'AA1', 'R', 'SH', 'M', 'EH2', 'L', 'OW0', 'Z']]",1
836762645,"marshmallows","pepperoni","[['M', 'AA1', 'R', 'SH', 'M', 'EH2', 'L', 'OW0', 'Z']]","[['P', 'EH2', 'P', 'ER0', 'OW1', 'N', 'IY0']]",1
836762645,"pepperoni","pizza","[['P', 'EH2', 'P', 'ER0', 'OW1', 'N', 'IY0']]","[['P', 'IY1', 'T', 'S', 'AH0']]",1
836762645,"pizza","tuna","[['P', 'IY1', 'T', 'S', 'AH0']]","[['T', 'UW1', 'N', 'AH0'], ['T', 'Y', 'UW1', 'N', 'AH0']]",1
74803396,"bananabread","blueberries","[['B', 'AH0', 'N', 'AE1', 'N', 'AH0', 'B', 'R', 'EH1', 'D']]","[['B', 'L', 'UW1', 'B', 'EH2', 'R', 'IY0', 'Z']]",1
74803396,"blueberries","broccoli","[['B', 'L', 'UW1', 'B', 'EH2', 'R', 'IY0', 'Z']]","[['B', 'R', 'AA1', 'K', 'AH0', 'L', 'IY0'], ['B', 'R', 'AA1', 'K', 'L', 'IY0']]",1
74803396,"broccoli","cocacola","[['B', 'R', 'AA1', 'K', 'AH0', 'L', 'IY0'], ['B', 'R', 'AA1', 'K', 'L', 'IY0']]","[['K', 'OW1', 'K', 'AH0', 'K', 'OW1', 'L', 'AH0']]",2
74803396,"cocacola","strawberries","[['K', 'OW1', 'K', 'AH0', 'K', 'OW1', 'L', 'AH0']]","[['S', 'T', 'R', 'AO1', 'B', 'EH2', 'R', 'IY0', 'Z']]",0
74803396,"strawberries","bananas","[['S', 'T', 'R', 'AO1', 'B', 'EH2', 'R', 'IY0', 'Z']]","[['B', 'AH0', 'N', 'AE1', 'N', 'AH0', 'Z']]",1
74803396,"bananas","grapes","[['B', 'AH0', 'N', 'AE1', 'N', 'AH0', 'Z']]","[['G', 'R', 'EY1', 'P', 'S']]",0
74803396,"grapes","icecream","[['G', 'R', 'EY1', 'P', 'S']]","[['AY1', 'S', 'K', 'R', 'IY1', 'M']]",1
74803396,"icecream","kiwi","[['AY1', 'S', 'K', 'R', 'IY1', 'M']]","[['K', 'IY1', 'W', 'IY0']]",1
74803396,"kiwi","macaroniandcheese","[['K', 'IY1', 'W', 'IY0']]","[['M', 'AE2', 'K', 'ER0', 'OW1', 'N', 'IY0', 'AH0', 'N', 'D', 'CH', 'IY1', 'Z'], ['M', 'AE2', 'K', 'ER0', 'OW1', 'N', 'IY0', 'AE1', 'N', 'D', 'CH', 'IY1', 'Z']]",1
74803396,"macaroniandcheese","pepsi","[['M', 'AE2', 'K', 'ER0', 'OW1', 'N', 'IY0', 'AH0', 'N', 'D', 'CH', 'IY1', 'Z'], ['M', 'AE2', 'K', 'ER0', 'OW1', 'N', 'IY0', 'AE1', 'N', 'D', 'CH', 'IY1', 'Z']]","[['P', 'EH1', 'P', 'S', 'IY0']]",1
74803396,"pepsi","pizza","[['P', 'EH1', 'P', 'S', 'IY0']]","[['P', 'IY1', 'T', 'S', 'AH0']]",1
74803396,"pizza","popsicles","[['P', 'IY1', 'T', 'S', 'AH0']]","[['P', 'AA1', 'P', 'S', 'AY1', 'S', 'IY1', 'L', 'EH1', 'S'], ['P', 'AA1', 'P', 'S', 'AY1', 'S', 'IY1', 'L', 'EY1']]",1
74803396,"popsicles","rootbeer","[['P', 'AA1', 'P', 'S', 'AY1', 'S', 'IY1', 'L', 'EH1', 'S'], ['P', 'AA1', 'P', 'S', 'AY1', 'S', 'IY1', 'L', 'EY1']]","[['R', 'UW1', 'T', 'B', 'IH1', 'R']]",0
74803396,"rootbeer","smoothies","[['R', 'UW1', 'T', 'B', 'IH1', 'R']]","[['S', 'M', 'UW1', 'T', 'HH', 'AY1', 'EH1', 'S']]",2
74803396,"smoothies","zucchinibread","[['S', 'M', 'UW1', 'T', 'HH', 'AY1', 'EH1', 'S']]","[['Z', 'UW0', 'K', 'IY1', 'N', 'IY0', 'B', 'R', 'EH1', 'D']]",1
613426003,"bananapeppers","blackolives","[['B', 'AH0', 'N', 'AE1', 'N', 'AH0', 'P', 'EH1', 'P', 'ER0', 'Z']]","[['B', 'L', 'AE1', 'K', 'AA1', 'L', 'IH0', 'V', 'Z']]",1
613426003,"blackolives","burgers","[['B', 'L', 'AE1', 'K', 'AA1', 'L', 'IH0', 'V', 'Z']]","[['B', 'ER1', 'G', 'ER0', 'Z']]",1
613426003,"burgers","cereal","[['B', 'ER1', 'G', 'ER0', 'Z']]","[['S', 'IH1', 'R', 'IY0', 'AH0', 'L']]",0
613426003,"cereal","cheerios","[['S', 'IH1', 'R', 'IY0', 'AH0', 'L']]","[['CH', 'IH1', 'R', 'IY0', 'OW0', 'S']]",3
613426003,"cheerios","fries","[['CH', 'IH1', 'R', 'IY0', 'OW0', 'S']]","[['F', 'R', 'AY1', 'Z']]",1
613426003,"fries","ketchup","[['F', 'R', 'AY1', 'Z']]","[['K', 'EH1', 'CH', 'AH0', 'P']]",0
613426003,"ketchup","mustard","[['K', 'EH1', 'CH', 'AH0', 'P']]","[['M', 'AH1', 'S', 'T', 'ER0', 'D']]",1
613426003,"mustard","lettuce","[['M', 'AH1', 'S', 'T', 'ER0', 'D']]","[['L', 'EH1', 'T', 'AH0', 'S']]",2
613426003,"lettuce","onions","[['L', 'EH1', 'T', 'AH0', 'S']]","[['AH1', 'N', 'Y', 'AH0', 'N', 'Z']]",1
613426003,"onions","pickles","[['AH1', 'N', 'Y', 'AH0', 'N', 'Z']]","[['P', 'IH1', 'K', 'AH0', 'L', 'Z']]",1
613426003,"pickles","tomatoes","[['P', 'IH1', 'K', 'AH0', 'L', 'Z']]","[['T', 'AH0', 'M', 'EY1', 'T', 'OW0', 'Z'], ['T', 'AH0', 'M', 'AA1', 'T', 'OW0', 'Z']]",1
613426003,"tomatoes","buns","[['T', 'AH0', 'M', 'EY1', 'T', 'OW0', 'Z'], ['T', 'AH0', 'M', 'AA1', 'T', 'OW0', 'Z']]","[['B', 'AH1', 'N', 'Z']]",1
613426003,"buns","beer","[['B', 'AH1', 'N', 'Z']]","[['B', 'IH1', 'R']]",1
613426003,"beer","wine","[['B', 'IH1', 'R']]","[['W', 'AY1', 'N']]",0
613426003,"wine","bread","[['W', 'AY1', 'N']]","[['B', 'R', 'EH1', 'D']]",0
613426003,"bread","cheese","[['B', 'R', 'EH1', 'D']]","[['CH', 'IY1', 'Z']]",0
613426003,"cheese","ham","[['CH', 'IY1', 'Z']]","[['HH', 'AE1', 'M']]",0
613426003,"ham","turkey","[['HH', 'AE1', 'M']]","[['T', 'ER1', 'K', 'IY0']]",0
613426003,"turkey","steak","[['T', 'ER1', 'K', 'IY0']]","[['S', 'T', 'EY1', 'K']]",1
613426003,"steak","lobster","[['S', 'T', 'EY1', 'K']]","[['L', 'AA1', 'B', 'S', 'T', 'ER0']]",2
613426003,"lobster","crab","[['L', 'AA1', 'B', 'S', 'T', 'ER0']]","[['K', 'R', 'AE1', 'B']]",1
613426003,"crab","shrimp","[['K', 'R', 'AE1', 'B']]","[['SH', 'R', 'IH1', 'M', 'P']]",1
613426003,"shrimp","biscuits","[['SH', 'R', 'IH1', 'M', 'P']]","[['B', 'IH1', 'S', 'K', 'AH0', 'T', 'S']]",1
613426003,"biscuits","cucumbers","[['B', 'IH1', 'S', 'K', 'AH0', 'T', 'S']]","[['K', 'Y', 'UW1', 'K', 'AH0', 'M', 'ER0', 'Z']]",2
613426003,"cucumbers","graxy","[['K', 'Y', 'UW1', 'K', 'AH0', 'M', 'ER0', 'Z']]","[['JH', 'IY1', 'R', 'AA1', 'EH1', 'K', 'S', 'W', 'AY1']]",1
613426003,"graxy","sausage","[['JH', 'IY1', 'R', 'AA1', 'EH1', 'K', 'S', 'W', 'AY1']]","[['S', 'AO1', 'S', 'AH0', 'JH'], ['S', 'AO1', 'S', 'IH0', 'JH']]",1
613426003,"sausage","beef","[['S', 'AO1', 'S', 'AH0', 'JH'], ['S', 'AO1', 'S', 'IH0', 'JH']]","[['B', 'IY1', 'F']]",0
613426003,"beef","ham","[['B', 'IY1', 'F']]","[['HH', 'AE1', 'M']]",0
613426003,"ham","mushrooms","[['HH', 'AE1', 'M']]","[['M', 'AH1', 'SH', 'R', 'UW0', 'M', 'Z']]",1
613426003,"mushrooms","onions","[['M', 'AH1', 'SH', 'R', 'UW0', 'M', 'Z']]","[['AH1', 'N', 'Y', 'AH0', 'N', 'Z']]",1
613426003,"onions","greenpeppers","[['AH1', 'N', 'Y', 'AH0', 'N', 'Z']]","[['G', 'R', 'IY1', 'N', 'P', 'EH1', 'P', 'ER0', 'Z']]",1
613426003,"greenpeppers","water","[['G', 'R', 'IY1', 'N', 'P', 'EH1', 'P', 'ER0', 'Z']]","[['W', 'AO1', 'T', 'ER0']]",1
613426003,"water","sprite","[['W', 'AO1', 'T', 'ER0']]","[['S', 'P', 'R', 'AY1', 'T']]",1
613426003,"sprite","macandcheese","[['S', 'P', 'R', 'AY1', 'T']]","[['M', 'AE1', 'K', 'AH0', 'N', 'D', 'CH', 'IY1', 'Z'], ['M', 'AE1', 'K', 'AE1', 'N', 'D', 'CH', 'IY1', 'Z']]",0
613426003,"macandcheese","mashedpotatoes","[['M', 'AE1', 'K', 'AH0', 'N', 'D', 'CH', 'IY1', 'Z'], ['M', 'AE1', 'K', 'AE1', 'N', 'D', 'CH', 'IY1', 'Z']]","[['M', 'AE1', 'SH', 'T', 'P', 'AH0', 'T', 'EY1', 'T', 'OW0', 'Z']]",2
613426003,"mashedpotatoes","mayo","[['M', 'AE1', 'SH', 'T', 'P', 'AH0', 'T', 'EY1', 'T', 'OW0', 'Z']]","[['M', 'EY1', 'OW0']]",1
613426003,"mayo","pasta","[['M', 'EY1', 'OW0']]","[['P', 'AA1', 'S', 'T', 'AH0']]",0
613426003,"pasta","pastasauce","[['P', 'AA1', 'S', 'T', 'AH0']]","[['P', 'AA1', 'S', 'T', 'AH0', 'S', 'AO1', 'S']]",5
613426003,"pastasauce","pepperoni","[['P', 'AA1', 'S', 'T', 'AH0', 'S', 'AO1', 'S']]","[['P', 'EH2', 'P', 'ER0', 'OW1', 'N', 'IY0']]",1
613426003,"pepperoni","pesto","[['P', 'EH2', 'P', 'ER0', 'OW1', 'N', 'IY0']]","[['P', 'EH1', 'S', 'T', 'OW1']]",2
613426003,"pesto","potatochips","[['P', 'EH1', 'S', 'T', 'OW1']]","[['P', 'AH0', 'T', 'EY1', 'T', 'OW2', 'CH', 'IH1', 'P', 'S']]",2
613426003,"potatochips","redpeppers","[['P', 'AH0', 'T', 'EY1', 'T', 'OW2', 'CH', 'IH1', 'P', 'S']]","[['R', 'EH1', 'D', 'P', 'EH1', 'P', 'ER0', 'Z']]",1
613426003,"redpeppers","ricecakes","[['R', 'EH1', 'D', 'P', 'EH1', 'P', 'ER0', 'Z']]","[['R', 'AY1', 'S', 'K', 'EY1', 'K', 'S']]",1
492566573,"applejuice","broccoli","[['AE1', 'P', 'AH0', 'L', 'JH', 'UW1', 'S']]","[['B', 'R', 'AA1', 'K', 'AH0', 'L', 'IY0'], ['B', 'R', 'AA1', 'K', 'L', 'IY0']]",2
492566573,"broccoli","drpepper","[['B', 'R', 'AA1', 'K', 'AH0', 'L', 'IY0'], ['B', 'R', 'AA1', 'K', 'L', 'IY0']]","[['D', 'R', 'AY1', 'V', 'P', 'EH1', 'P', 'ER0'], ['D', 'AA1', 'K', 'T', 'ER0', 'P', 'EH1', 'P', 'ER0']]",1
492566573,"drpepper","macaroni","[['D', 'R', 'AY1', 'V', 'P', 'EH1', 'P', 'ER0'], ['D', 'AA1', 'K', 'T', 'ER0', 'P', 'EH1', 'P', 'ER0']]","[['M', 'AE2', 'K', 'ER0', 'OW1', 'N', 'IY0']]",1
492566573,"macaroni","water","[['M', 'AE2', 'K', 'ER0', 'OW1', 'N', 'IY0']]","[['W', 'AO1', 'T', 'ER0']]",1
492566573,"water","chicken","[['W', 'AO1', 'T', 'ER0']]","[['CH', 'IH1', 'K', 'AH0', 'N']]",0
492566573,"chicken","sprite","[['CH', 'IH1', 'K', 'AH0', 'N']]","[['S', 'P', 'R', 'AY1', 'T']]",0
492566573,"sprite","ribs","[['S', 'P', 'R', 'AY1', 'T']]","[['R', 'IH1', 'B', 'Z']]",1
492566573,"ribs","lemonade","[['R', 'IH1', 'B', 'Z']]","[['L', 'EH1', 'M', 'AH0', 'N', 'EY1', 'D']]",0
492566573,"lemonade","cheese","[['L', 'EH1', 'M', 'AH0', 'N', 'EY1', 'D']]","[['CH', 'IY1', 'Z']]",0
492566573,"cheese","milk","[['CH', 'IY1', 'Z']]","[['M', 'IH1', 'L', 'K']]",0
492566573,"milk","orangejuice","[['M', 'IH1', 'L', 'K']]","[['AO1', 'R', 'AH0', 'N', 'JH', 'JH', 'UW1', 'S'], ['AO1', 'R', 'IH0', 'N', 'JH', 'JH', 'UW1', 'S']]",0
492566573,"orangejuice","pizza","[['AO1', 'R', 'AH0', 'N', 'JH', 'JH', 'UW1', 'S'], ['AO1', 'R', 'IH0', 'N', 'JH', 'JH', 'UW1', 'S']]","[['P', 'IY1', 'T', 'S', 'AH0']]",1
492566573,"pizza","rootbeer","[['P', 'IY1', 'T', 'S', 'AH0']]","[['R', 'UW1', 'T', 'B', 'IH1', 'R']]",1
492566573,"rootbeer","sunkist","[['R', 'UW1', 'T', 'B', 'IH1', 'R']]","[['S', 'AH1', 'N', 'K', 'IH2', 'S', 'T']]",1
492566573,"sunkist","sweettea","[['S', 'AH1', 'N', 'K', 'IH2', 'S', 'T']]","[['S', 'W', 'IY1', 'T', 'T', 'IY1']]",1
492566573,"sweettea","sweettea","[['S', 'W', 'IY1', 'T', 'T', 'IY1']]","[['S', 'W', 'IY1', 'T', 'T', 'IY1']]",6
482082763,"fruitjuice","coffee","[['F', 'R', 'UW1', 'T', 'JH', 'UW1', 'S']]","[['K', 'AA1', 'F', 'IY0'], ['K', 'AO1', 'F', 'IY0']]",1
482082763,"coffee","milk","[['K', 'AA1', 'F', 'IY0'], ['K', 'AO1', 'F', 'IY0']]","[['M', 'IH1', 'L', 'K']]",1
482082763,"milk","apple","[['M', 'IH1', 'L', 'K']]","[['AE1', 'P', 'AH0', 'L']]",1
482082763,"apple","pie","[['AE1', 'P', 'AH0', 'L']]","[['P', 'AY1']]",1
482082763,"pie","cake","[['P', 'AY1']]","[['K', 'EY1', 'K']]",0
482082763,"cake","banana","[['K', 'EY1', 'K']]","[['B', 'AH0', 'N', 'AE1', 'N', 'AH0']]",0
482082763,"banana","water","[['B', 'AH0', 'N', 'AE1', 'N', 'AH0']]","[['W', 'AO1', 'T', 'ER0']]",0
482082763,"water","chocolate","[['W', 'AO1', 'T', 'ER0']]","[['CH', 'AO1', 'K', 'L', 'AH0', 'T']]",1
482082763,"chocolate","crackers","[['CH', 'AO1', 'K', 'L', 'AH0', 'T']]","[['K', 'R', 'AE1', 'K', 'ER0', 'Z']]",1
482082763,"crackers","onions","[['K', 'R', 'AE1', 'K', 'ER0', 'Z']]","[['AH1', 'N', 'Y', 'AH0', 'N', 'Z']]",1
482082763,"onions","garlic","[['AH1', 'N', 'Y', 'AH0', 'N', 'Z']]","[['G', 'AA1', 'R', 'L', 'IH0', 'K']]",0
482082763,"garlic","strawberries","[['G', 'AA1', 'R', 'L', 'IH0', 'K']]","[['S', 'T', 'R', 'AO1', 'B', 'EH2', 'R', 'IY0', 'Z']]",1
482082763,"strawberries","cheese","[['S', 'T', 'R', 'AO1', 'B', 'EH2', 'R', 'IY0', 'Z']]","[['CH', 'IY1', 'Z']]",2
482082763,"cheese","pancakes","[['CH', 'IY1', 'Z']]","[['P', 'AE1', 'N', 'K', 'EY2', 'K', 'S']]",0
482082763,"pancakes","bacon","[['P', 'AE1', 'N', 'K', 'EY2', 'K', 'S']]","[['B', 'EY1', 'K', 'AH0', 'N']]",2
482082763,"bacon","eggs","[['B', 'EY1', 'K', 'AH0', 'N']]","[['EH1', 'G', 'Z']]",0
482082763,"eggs","beef","[['EH1', 'G', 'Z']]","[['B', 'IY1', 'F']]",0
482082763,"beef","pig","[['B', 'IY1', 'F']]","[['P', 'IH1', 'G']]",0
482082763,"pig","kiwi","[['P', 'IH1', 'G']]","[['K', 'IY1', 'W', 'IY0']]",0
482082763,"kiwi","pretzels","[['K', 'IY1', 'W', 'IY0']]","[['P', 'R', 'EH1', 'T', 'Z', 'AH0', 'L', 'Z']]",0
482082763,"pretzels","spaghetti","[['P', 'R', 'EH1', 'T', 'Z', 'AH0', 'L', 'Z']]","[['S', 'P', 'AH0', 'G', 'EH1', 'T', 'IY0']]",2
482082763,"spaghetti","waffles","[['S', 'P', 'AH0', 'G', 'EH1', 'T', 'IY0']]","[['W', 'AA1', 'F', 'AH0', 'L', 'Z']]",1
643791071,"broccoli","frenchfries","[['B', 'R', 'AA1', 'K', 'AH0', 'L', 'IY0'], ['B', 'R', 'AA1', 'K', 'L', 'IY0']]","[['F', 'R', 'EH1', 'N', 'CH', 'F', 'R', 'AY1', 'Z']]",1
643791071,"frenchfries","soda","[['F', 'R', 'EH1', 'N', 'CH', 'F', 'R', 'AY1', 'Z']]","[['S', 'OW1', 'D', 'AH0']]",0
643791071,"soda","grapes","[['S', 'OW1', 'D', 'AH0']]","[['G', 'R', 'EY1', 'P', 'S']]",1
643791071,"grapes","fish","[['G', 'R', 'EY1', 'P', 'S']]","[['F', 'IH1', 'SH']]",0
643791071,"fish","chicken","[['F', 'IH1', 'SH']]","[['CH', 'IH1', 'K', 'AH0', 'N']]",1
643791071,"chicken","pears","[['CH', 'IH1', 'K', 'AH0', 'N']]","[['P', 'EH1', 'R', 'Z']]",0
643791071,"pears","apples","[['P', 'EH1', 'R', 'Z']]","[['AE1', 'P', 'AH0', 'L', 'Z']]",1
643791071,"apples","bananas","[['AE1', 'P', 'AH0', 'L', 'Z']]","[['B', 'AH0', 'N', 'AE1', 'N', 'AH0', 'Z']]",1
643791071,"bananas","turkey","[['B', 'AH0', 'N', 'AE1', 'N', 'AH0', 'Z']]","[['T', 'ER1', 'K', 'IY0']]",0
643791071,"turkey","dressing","[['T', 'ER1', 'K', 'IY0']]","[['D', 'R', 'EH1', 'S', 'IH0', 'NG']]",0
643791071,"dressing","ham","[['D', 'R', 'EH1', 'S', 'IH0', 'NG']]","[['HH', 'AE1', 'M']]",0
643791071,"ham","salad","[['HH', 'AE1', 'M']]","[['S', 'AE1', 'L', 'AH0', 'D']]",1
643791071,"salad","candy","[['S', 'AE1', 'L', 'AH0', 'D']]","[['K', 'AE1', 'N', 'D', 'IY0']]",1
643791071,"candy","lemons","[['K', 'AE1', 'N', 'D', 'IY0']]","[['L', 'EH1', 'M', 'AH0', 'N', 'Z']]",1
643791071,"lemons","oranges","[['L', 'EH1', 'M', 'AH0', 'N', 'Z']]","[['AO1', 'R', 'AH0', 'N', 'JH', 'AH0', 'Z'], ['AO1', 'R', 'IH0', 'N', 'JH', 'IH0', 'Z']]",2
643791071,"oranges","icecream","[['AO1', 'R', 'AH0', 'N', 'JH', 'AH0', 'Z'], ['AO1', 'R', 'IH0', 'N', 'JH', 'IH0', 'Z']]","[['AY1', 'S', 'K', 'R', 'IY1', 'M']]",1
643791071,"icecream","mangoes","[['AY1', 'S', 'K', 'R', 'IY1', 'M']]","[['M', 'AE1', 'NG', 'G', 'OW0', 'Z']]",1
643791071,"mangoes","mashedpotatoes","[['M', 'AE1', 'NG', 'G', 'OW0', 'Z']]","[['M', 'AE1', 'SH', 'T', 'P', 'AH0', 'T', 'EY1', 'T', 'OW0', 'Z']]",2
643791071,"mashedpotatoes","pizza","[['M', 'AE1', 'SH', 'T', 'P', 'AH0', 'T', 'EY1', 'T', 'OW0', 'Z']]","[['P', 'IY1', 'T', 'S', 'AH0']]",1
643791071,"pizza","sweetpotatoes","[['P', 'IY1', 'T', 'S', 'AH0']]","[['S', 'W', 'IY1', 'T', 'P', 'AH0', 'T', 'EY1', 'T', 'OW0', 'Z']]",2
643791071,"sweetpotatoes","yogurt","[['S', 'W', 'IY1', 'T', 'P', 'AH0', 'T', 'EY1', 'T', 'OW0', 'Z']]","[['Y', 'OW1', 'G', 'ER0', 'T']]",1
72141573,"cashews","drpepper","[['K', 'AE1', 'SH', 'UW2', 'Z']]","[['D', 'R', 'AY1', 'V', 'P', 'EH1', 'P', 'ER0'], ['D', 'AA1', 'K', 'T', 'ER0', 'P', 'EH1', 'P', 'ER0']]",0
72141573,"drpepper","grapefruit","[['D', 'R', 'AY1', 'V', 'P', 'EH1', 'P', 'ER0'], ['D', 'AA1', 'K', 'T', 'ER0', 'P', 'EH1', 'P', 'ER0']]","[['G', 'R', 'EY1', 'P', 'F', 'R', 'UW2', 'T']]",1
72141573,"grapefruit","guava","[['G', 'R', 'EY1', 'P', 'F', 'R', 'UW2', 'T']]","[['G', 'W', 'AA1', 'V', 'AH0']]",1
72141573,"guava","peanuts","[['G', 'W', 'AA1', 'V', 'AH0']]","[['P', 'IY1', 'N', 'AH0', 'T', 'S'], ['P', 'IY1', 'N', 'AH2', 'T', 'S']]",1
72141573,"peanuts","bread","[['P', 'IY1', 'N', 'AH0', 'T', 'S'], ['P', 'IY1', 'N', 'AH2', 'T', 'S']]","[['B', 'R', 'EH1', 'D']]",0
72141573,"bread","bark","[['B', 'R', 'EH1', 'D']]","[['B', 'AA1', 'R', 'K']]",1
72141573,"bark","soda","[['B', 'AA1', 'R', 'K']]","[['S', 'OW1', 'D', 'AH0']]",0
72141573,"soda","water","[['S', 'OW1', 'D', 'AH0']]","[['W', 'AO1', 'T', 'ER0']]",0
72141573,"water","brownies","[['W', 'AO1', 'T', 'ER0']]","[['B', 'R', 'AW1', 'N', 'IY0', 'Z']]",0
72141573,"brownies","cookies","[['B', 'R', 'AW1', 'N', 'IY0', 'Z']]","[['K', 'UH1', 'K', 'IY0', 'Z']]",2
72141573,"cookies","chocolate","[['K', 'UH1', 'K', 'IY0', 'Z']]","[['CH', 'AO1', 'K', 'L', 'AH0', 'T']]",1
72141573,"chocolate","milk","[['CH', 'AO1', 'K', 'L', 'AH0', 'T']]","[['M', 'IH1', 'L', 'K']]",1
72141573,"milk","lemonade","[['M', 'IH1', 'L', 'K']]","[['L', 'EH1', 'M', 'AH0', 'N', 'EY1', 'D']]",1
72141573,"lemonade","noodles","[['L', 'EH1', 'M', 'AH0', 'N', 'EY1', 'D']]","[['N', 'UW1', 'D', 'AH0', 'L', 'Z']]",1
72141573,"noodles","tomatoes","[['N', 'UW1', 'D', 'AH0', 'L', 'Z']]","[['T', 'AH0', 'M', 'EY1', 'T', 'OW0', 'Z'], ['T', 'AH0', 'M', 'AA1', 'T', 'OW0', 'Z']]",1
72141573,"tomatoes","peppers","[['T', 'AH0', 'M', 'EY1', 'T', 'OW0', 'Z'], ['T', 'AH0', 'M', 'AA1', 'T', 'OW0', 'Z']]","[['P', 'EH1', 'P', 'ER0', 'Z']]",1
72141573,"peppers","celery","[['P', 'EH1', 'P', 'ER0', 'Z']]","[['S', 'EH1', 'L', 'ER0', 'IY0']]",1
72141573,"celery","jelly","[['S', 'EH1', 'L', 'ER0', 'IY0']]","[['JH', 'EH1', 'L', 'IY0']]",2
72141573,"jelly","plums","[['JH', 'EH1', 'L', 'IY0']]","[['P', 'L', 'AH1', 'M', 'Z']]",1
72141573,"plums","plums","[['P', 'L', 'AH1', 'M', 'Z']]","[['P', 'L', 'AH1', 'M', 'Z']]",5
72141573,"plums","limes","[['P', 'L', 'AH1', 'M', 'Z']]","[['L', 'AY1', 'M', 'Z']]",2
72141573,"limes","lemons","[['L', 'AY1', 'M', 'Z']]","[['L', 'EH1', 'M', 'AH0', 'N', 'Z']]",1
72141573,"lemons","jello","[['L', 'EH1', 'M', 'AH0', 'N', 'Z']]","[['JH', 'EH1', 'L', 'OW0']]",1
72141573,"jello","limejuice","[['JH', 'EH1', 'L', 'OW0']]","[['L', 'AY1', 'M', 'JH', 'UW1', 'S']]",1
72141573,"limejuice","macandcheese","[['L', 'AY1', 'M', 'JH', 'UW1', 'S']]","[['M', 'AE1', 'K', 'AH0', 'N', 'D', 'CH', 'IY1', 'Z'], ['M', 'AE1', 'K', 'AE1', 'N', 'D', 'CH', 'IY1', 'Z']]",1
72141573,"macandcheese","mangoes","[['M', 'AE1', 'K', 'AH0', 'N', 'D', 'CH', 'IY1', 'Z'], ['M', 'AE1', 'K', 'AE1', 'N', 'D', 'CH', 'IY1', 'Z']]","[['M', 'AE1', 'NG', 'G', 'OW0', 'Z']]",2
72141573,"mangoes","orangejuice","[['M', 'AE1', 'NG', 'G', 'OW0', 'Z']]","[['AO1', 'R', 'AH0', 'N', 'JH', 'JH', 'UW1', 'S'], ['AO1', 'R', 'IH0', 'N', 'JH', 'JH', 'UW1', 'S']]",0
72141573,"orangejuice","pasta","[['AO1', 'R', 'AH0', 'N', 'JH', 'JH', 'UW1', 'S'], ['AO1', 'R', 'IH0', 'N', 'JH', 'JH', 'UW1', 'S']]","[['P', 'AA1', 'S', 'T', 'AH0']]",1
72141573,"pasta","peanutbutter","[['P', 'AA1', 'S', 'T', 'AH0']]","[['P', 'IY1', 'N', 'AH0', 'T', 'B', 'AH1', 'T', 'ER0'], ['P', 'IY1', 'N', 'AH2', 'T', 'B', 'AH1', 'T', 'ER0']]",1
72141573,"peanutbutter","rootbeer","[['P', 'IY1', 'N', 'AH0', 'T', 'B', 'AH1', 'T', 'ER0'], ['P', 'IY1', 'N', 'AH2', 'T', 'B', 'AH1', 'T', 'ER0']]","[['R', 'UW1', 'T', 'B', 'IH1', 'R']]",2
72141573,"rootbeer","spaghetti","[['R', 'UW1', 'T', 'B', 'IH1', 'R']]","[['S', 'P', 'AH0', 'G', 'EH1', 'T', 'IY0']]",1
72141573,"spaghetti","starfruit","[['S', 'P', 'AH0', 'G', 'EH1', 'T', 'IY0']]","[['S', 'T', 'AA1', 'R', 'F', 'R', 'UW1', 'T']]",1
566255711,"cherrycocacola","cocacola","[['CH', 'EH1', 'R', 'IY0', 'K', 'OW1', 'K', 'AH0', 'K', 'OW1', 'L', 'AH0']]","[['K', 'OW1', 'K', 'AH0', 'K', 'OW1', 'L', 'AH0']]",8
566255711,"cocacola","danimalscrunchers","[['K', 'OW1', 'K', 'AH0', 'K', 'OW1', 'L', 'AH0']]","[['D', 'AA1', 'N', 'IY0', 'M', 'AE1', 'L', 'S', 'K', 'R', 'AH1', 'N', 'CH', 'ER1', 'Z'], ['D', 'AA1', 'N', 'IY0', 'M', 'AE1', 'L', 'S', 'K', 'R', 'AH1', 'N', 'CH', 'IY1', 'AA1', 'R', 'EH1', 'S']]",1
566255711,"danimalscrunchers","danimalssmoothies","[['D', 'AA1', 'N', 'IY0', 'M', 'AE1', 'L', 'S', 'K', 'R', 'AH1', 'N', 'CH', 'ER1', 'Z'], ['D', 'AA1', 'N', 'IY0', 'M', 'AE1', 'L', 'S', 'K', 'R', 'AH1', 'N', 'CH', 'IY1', 'AA1', 'R', 'EH1', 'S']]","[['D', 'AA1', 'N', 'IY0', 'M', 'AE1', 'L', 'EH1', 'S', 'S', 'M', 'UW1', 'T', 'HH', 'AY1', 'EH1', 'S']]",7
566255711,"danimalssmoothies","fantagrape","[['D', 'AA1', 'N', 'IY0', 'M', 'AE1', 'L', 'EH1', 'S', 'S', 'M', 'UW1', 'T', 'HH', 'AY1', 'EH1', 'S']]","[['F', 'AA1', 'N', 'T', 'AH0', 'G', 'R', 'EY1', 'P']]",2
566255711,"fantagrape","fantaorange","[['F', 'AA1', 'N', 'T', 'AH0', 'G', 'R', 'EY1', 'P']]","[['F', 'AA1', 'N', 'T', 'AH0', 'AO1', 'R', 'AH0', 'N', 'JH'], ['F', 'AA1', 'N', 'T', 'AH0', 'AO1', 'R', 'IH0', 'N', 'JH']]",5
566255711,"fantaorange","fantapineapple","[['F', 'AA1', 'N', 'T', 'AH0', 'AO1', 'R', 'AH0', 'N', 'JH'], ['F', 'AA1', 'N', 'T', 'AH0', 'AO1', 'R', 'IH0', 'N', 'JH']]","[['F', 'AA1', 'N', 'T', 'AH0', 'P', 'AY1', 'N', 'AE2', 'P', 'AH0', 'L']]",5
566255711,"fantapineapple","fantastrawberry","[['F', 'AA1', 'N', 'T', 'AH0', 'P', 'AY1', 'N', 'AE2', 'P', 'AH0', 'L']]","[['F', 'AA1', 'N', 'T', 'AH0', 'S', 'T', 'R', 'AO1', 'B', 'EH2', 'R', 'IY0']]",5
566255711,"fantastrawberry","friedrice","[['F', 'AA1', 'N', 'T', 'AH0', 'S', 'T', 'R', 'AO1', 'B', 'EH2', 'R', 'IY0']]","[['F', 'R', 'AY1', 'D', 'R', 'AY1', 'S'], ['F', 'R', 'IY1', 'D', 'R', 'AY1', 'S']]",1
566255711,"friedrice","chicken","[['F', 'R', 'AY1', 'D', 'R', 'AY1', 'S'], ['F', 'R', 'IY1', 'D', 'R', 'AY1', 'S']]","[['CH', 'IH1', 'K', 'AH0', 'N']]",0
566255711,"chicken","turkey","[['CH', 'IH1', 'K', 'AH0', 'N']]","[['T', 'ER1', 'K', 'IY0']]",1
566255711,"turkey","sprite","[['T', 'ER1', 'K', 'IY0']]","[['S', 'P', 'R', 'AY1', 'T']]",1
566255711,"sprite","spritezero","[['S', 'P', 'R', 'AY1', 'T']]","[['S', 'P', 'R', 'AY1', 'T', 'Z', 'IH1', 'R', 'OW0'], ['S', 'P', 'R', 'AY1', 'T', 'Z', 'IY1', 'R', 'OW0']]",5
566255711,"spritezero","sreamedrice","[['S', 'P', 'R', 'AY1', 'T', 'Z', 'IH1', 'R', 'OW0'], ['S', 'P', 'R', 'AY1', 'T', 'Z', 'IY1', 'R', 'OW0']]","[['S', 'IY1', 'N', 'Y', 'ER0', 'IY1', 'EY1', 'M', 'D', 'R', 'AY1', 'V', 'AY1', 'S'], ['S', 'IY1', 'N', 'Y', 'ER0', 'IY1', 'EY1', 'M', 'D', 'AA1', 'K', 'T', 'ER0', 'AY1', 'S'], ['S', 'IH1', 'S', 'T', 'ER0', 'IY1', 'EY1', 'M', 'D', 'R', 'AY1', 'V', 'AY1', 'S'], ['S', 'IH1', 'S', 'T', 'ER0', 'IY1', 'EY1', 'M', 'D', 'AA1', 'K', 'T', 'ER0', 'AY1', 'S']]",2
566255711,"sreamedrice","yogurt","[['S', 'IY1', 'N', 'Y', 'ER0', 'IY1', 'EY1', 'M', 'D', 'R', 'AY1', 'V', 'AY1', 'S'], ['S', 'IY1', 'N', 'Y', 'ER0', 'IY1', 'EY1', 'M', 'D', 'AA1', 'K', 'T', 'ER0', 'AY1', 'S'], ['S', 'IH1', 'S', 'T', 'ER0', 'IY1', 'EY1', 'M', 'D', 'R', 'AY1', 'V', 'AY1', 'S'], ['S', 'IH1', 'S', 'T', 'ER0', 'IY1', 'EY1', 'M', 'D', 'AA1', 'K', 'T', 'ER0', 'AY1', 'S']]","[['Y', 'OW1', 'G', 'ER0', 'T']]",1
692791869,"applecider","applepie","[['AE1', 'P', 'AH0', 'L', 'S', 'AY1', 'D', 'ER0']]","[['AE1', 'P', 'AH0', 'L', 'P', 'AY1']]",4
692791869,"applepie","breadsticks","[['AE1', 'P', 'AH0', 'L', 'P', 'AY1']]","[['B', 'R', 'EH1', 'D', 'Z', 'T', 'IH1', 'K', 'S']]",0
692791869,"breadsticks","cantaloupe","[['B', 'R', 'EH1', 'D', 'Z', 'T', 'IH1', 'K', 'S']]","[['K', 'AE1', 'N', 'T', 'AH0', 'L', 'OW2', 'P']]",1
692791869,"cantaloupe","cheesesause","[['K', 'AE1', 'N', 'T', 'AH0', 'L', 'OW2', 'P']]","[['CH', 'IY1', 'Z', 'S', 'AO1', 'Z']]",0
692791869,"cheesesause","chocolateballs","[['CH', 'IY1', 'Z', 'S', 'AO1', 'Z']]","[['CH', 'AA1', 'K', 'L', 'AH0', 'T', 'IY1', 'B', 'AH0', 'EH1', 'L', 'EH1', 'L', 'EH1', 'S']]",1
692791869,"chocolateballs","chocolateicecream","[['CH', 'AA1', 'K', 'L', 'AH0', 'T', 'IY1', 'B', 'AH0', 'EH1', 'L', 'EH1', 'L', 'EH1', 'S']]","[['CH', 'AO1', 'K', 'L', 'AH0', 'T', 'AY1', 'S', 'K', 'R', 'IY1', 'M']]",4
692791869,"chocolateicecream","chocolatepie","[['CH', 'AO1', 'K', 'L', 'AH0', 'T', 'AY1', 'S', 'K', 'R', 'IY1', 'M']]","[['CH', 'AA1', 'K', 'L', 'AH0', 'T', 'IY1', 'P', 'AY1']]",4
692791869,"chocolatepie","coconutcreampie","[['CH', 'AA1', 'K', 'L', 'AH0', 'T', 'IY1', 'P', 'AY1']]","[['K', 'OW1', 'K', 'AH0', 'N', 'AH2', 'T', 'K', 'R', 'IY1', 'EH1', 'M', 'P', 'AY1']]",2
692791869,"coconutcreampie","coconutpie","[['K', 'OW1', 'K', 'AH0', 'N', 'AH2', 'T', 'K', 'R', 'IY1', 'EH1', 'M', 'P', 'AY1']]","[['K', 'OW1', 'K', 'OW2', 'N', 'AH1', 'T', 'P', 'AY1']]",3
692791869,"coconutpie","coolranchdoritos","[['K', 'OW1', 'K', 'OW2', 'N', 'AH1', 'T', 'P', 'AY1']]","[['K', 'UW1', 'L', 'R', 'AE1', 'N', 'CH', 'D', 'AO2', 'R', 'IY1', 'T', 'OW0', 'Z']]",1
692791869,"coolranchdoritos","doritos","[['K', 'UW1', 'L', 'R', 'AE1', 'N', 'CH', 'D', 'AO2', 'R', 'IY1', 'T', 'OW0', 'Z']]","[['D', 'AO2', 'R', 'IY1', 'T', 'OW0', 'Z']]",7
692791869,"doritos","hotdogs","[['D', 'AO2', 'R', 'IY1', 'T', 'OW0', 'Z']]","[['HH', 'AA1', 'T', 'D', 'AO2', 'G', 'Z']]",2
692791869,"hotdogs","icecream","[['HH', 'AA1', 'T', 'D', 'AO2', 'G', 'Z']]","[['AY1', 'S', 'K', 'R', 'IY1', 'M']]",0
692791869,"icecream","soda","[['AY1', 'S', 'K', 'R', 'IY1', 'M']]","[['S', 'OW1', 'D', 'AH0']]",1
692791869,"soda","cake","[['S', 'OW1', 'D', 'AH0']]","[['K', 'EY1', 'K']]",0
692791869,"cake","rolls","[['K', 'EY1', 'K']]","[['R', 'OW1', 'L', 'Z']]",0
692791869,"rolls","cranberries","[['R', 'OW1', 'L', 'Z']]","[['K', 'R', 'AE1', 'N', 'B', 'EH2', 'R', 'IY0', 'Z']]",1
692791869,"cranberries","raspberries","[['K', 'R', 'AE1', 'N', 'B', 'EH2', 'R', 'IY0', 'Z']]","[['R', 'AE1', 'Z', 'B', 'EH2', 'R', 'IY0', 'Z']]",5
692791869,"raspberries","watermelon","[['R', 'AE1', 'Z', 'B', 'EH2', 'R', 'IY0', 'Z']]","[['W', 'AO1', 'T', 'ER0', 'M', 'EH2', 'L', 'AH0', 'N']]",1
692791869,"watermelon","strawberries","[['W', 'AO1', 'T', 'ER0', 'M', 'EH2', 'L', 'AH0', 'N']]","[['S', 'T', 'R', 'AO1', 'B', 'EH2', 'R', 'IY0', 'Z']]",1
692791869,"strawberries","peaches","[['S', 'T', 'R', 'AO1', 'B', 'EH2', 'R', 'IY0', 'Z']]","[['P', 'IY1', 'CH', 'AH0', 'Z'], ['P', 'IY1', 'CH', 'IH0', 'Z']]",1
692791869,"peaches","water","[['P', 'IY1', 'CH', 'AH0', 'Z'], ['P', 'IY1', 'CH', 'IH0', 'Z']]","[['W', 'AO1', 'T', 'ER0']]",0
692791869,"water","juice","[['W', 'AO1', 'T', 'ER0']]","[['JH', 'UW1', 'S']]",0
692791869,"juice","wine","[['JH', 'UW1', 'S']]","[['W', 'AY1', 'N']]",0
692791869,"wine","chips","[['W', 'AY1', 'N']]","[['CH', 'IH1', 'P', 'S']]",0
692791869,"chips","macaroniandcheese","[['CH', 'IH1', 'P', 'S']]","[['M', 'AE2', 'K', 'ER0', 'OW1', 'N', 'IY0', 'AH0', 'N', 'D', 'CH', 'IY1', 'Z'], ['M', 'AE2', 'K', 'ER0', 'OW1', 'N', 'IY0', 'AE1', 'N', 'D', 'CH', 'IY1', 'Z']]",1
692791869,"macaroniandcheese","maggianosalads","[['M', 'AE2', 'K', 'ER0', 'OW1', 'N', 'IY0', 'AH0', 'N', 'D', 'CH', 'IY1', 'Z'], ['M', 'AE2', 'K', 'ER0', 'OW1', 'N', 'IY0', 'AE1', 'N', 'D', 'CH', 'IY1', 'Z']]","[['M', 'AE1', 'JH', 'IY0', 'AE1', 'N', 'OW0', 'S', 'AE1', 'L', 'AH0', 'D', 'Z'], ['M', 'AE1', 'JH', 'IY0', 'AE1', 'N', 'Y', 'OW0', 'S', 'AE1', 'L', 'AH0', 'D', 'Z']]",2
692791869,"maggianosalads","pizza","[['M', 'AE1', 'JH', 'IY0', 'AE1', 'N', 'OW0', 'S', 'AE1', 'L', 'AH0', 'D', 'Z'], ['M', 'AE1', 'JH', 'IY0', 'AE1', 'N', 'Y', 'OW0', 'S', 'AE1', 'L', 'AH0', 'D', 'Z']]","[['P', 'IY1', 'T', 'S', 'AH0']]",1
692791869,"pizza","pumpkinpie","[['P', 'IY1', 'T', 'S', 'AH0']]","[['P', 'AH1', 'M', 'P', 'K', 'IH1', 'N', 'P', 'AY1']]",1
692791869,"pumpkinpie","ravioli","[['P', 'AH1', 'M', 'P', 'K', 'IH1', 'N', 'P', 'AY1']]","[['R', 'AE2', 'V', 'IY0', 'OW1', 'L', 'IY0']]",0
692791869,"ravioli","redvelvetcake","[['R', 'AE2', 'V', 'IY0', 'OW1', 'L', 'IY0']]","[['R', 'EH1', 'D', 'V', 'EH1', 'L', 'V', 'AH0', 'T', 'K', 'EY1', 'K']]",1
692791869,"redvelvetcake","salsa","[['R', 'EH1', 'D', 'V', 'EH1', 'L', 'V', 'AH0', 'T', 'K', 'EY1', 'K']]","[['S', 'AO1', 'L', 'S', 'AH0']]",1
692791869,"salsa","spaghetti","[['S', 'AO1', 'L', 'S', 'AH0']]","[['S', 'P', 'AH0', 'G', 'EH1', 'T', 'IY0']]",1
692791869,"spaghetti","vanillaicecream","[['S', 'P', 'AH0', 'G', 'EH1', 'T', 'IY0']]","[['V', 'AH0', 'N', 'IH1', 'L', 'AH0', 'AY1', 'S', 'K', 'R', 'IY1', 'M']]",1
823246566,"applejuice","applesauce","[['AE1', 'P', 'AH0', 'L', 'JH', 'UW1', 'S']]","[['AE1', 'P', 'AH0', 'L', 'S', 'AO2', 'S']]",4
823246566,"applesauce","blueberries","[['AE1', 'P', 'AH0', 'L', 'S', 'AO2', 'S']]","[['B', 'L', 'UW1', 'B', 'EH2', 'R', 'IY0', 'Z']]",1
823246566,"blueberries","cocacola","[['B', 'L', 'UW1', 'B', 'EH2', 'R', 'IY0', 'Z']]","[['K', 'OW1', 'K', 'AH0', 'K', 'OW1', 'L', 'AH0']]",1
823246566,"cocacola","fanta","[['K', 'OW1', 'K', 'AH0', 'K', 'OW1', 'L', 'AH0']]","[['F', 'AA1', 'N', 'T', 'AH0']]",1
823246566,"fanta","grapejuice","[['F', 'AA1', 'N', 'T', 'AH0']]","[['G', 'R', 'EY1', 'P', 'JH', 'UW1', 'S']]",0
823246566,"grapejuice","icecream","[['G', 'R', 'EY1', 'P', 'JH', 'UW1', 'S']]","[['AY1', 'S', 'K', 'R', 'IY1', 'M']]",1
823246566,"icecream","icecream","[['AY1', 'S', 'K', 'R', 'IY1', 'M']]","[['AY1', 'S', 'K', 'R', 'IY1', 'M']]",6
823246566,"icecream","koolaid","[['AY1', 'S', 'K', 'R', 'IY1', 'M']]","[['K', 'UW1', 'L', 'EY1', 'D']]",1
823246566,"koolaid","chicken","[['K', 'UW1', 'L', 'EY1', 'D']]","[['CH', 'IH1', 'K', 'AH0', 'N']]",1
823246566,"chicken","chicken","[['CH', 'IH1', 'K', 'AH0', 'N']]","[['CH', 'IH1', 'K', 'AH0', 'N']]",5
823246566,"chicken","ketchup","[['CH', 'IH1', 'K', 'AH0', 'N']]","[['K', 'EH1', 'CH', 'AH0', 'P']]",1
823246566,"ketchup","steak","[['K', 'EH1', 'CH', 'AH0', 'P']]","[['S', 'T', 'EY1', 'K']]",1
823246566,"steak","shrimp","[['S', 'T', 'EY1', 'K']]","[['SH', 'R', 'IH1', 'M', 'P']]",0
823246566,"shrimp","ribs","[['SH', 'R', 'IH1', 'M', 'P']]","[['R', 'IH1', 'B', 'Z']]",2
823246566,"ribs","cookies","[['R', 'IH1', 'B', 'Z']]","[['K', 'UH1', 'K', 'IY0', 'Z']]",1
823246566,"cookies","mango","[['K', 'UH1', 'K', 'IY0', 'Z']]","[['M', 'AE1', 'NG', 'G', 'OW0']]",0
823246566,"mango","cake","[['M', 'AE1', 'NG', 'G', 'OW0']]","[['K', 'EY1', 'K']]",0
823246566,"cake","water","[['K', 'EY1', 'K']]","[['W', 'AO1', 'T', 'ER0']]",0
823246566,"water","cherry","[['W', 'AO1', 'T', 'ER0']]","[['CH', 'EH1', 'R', 'IY0']]",0
823246566,"cherry","apple","[['CH', 'EH1', 'R', 'IY0']]","[['AE1', 'P', 'AH0', 'L']]",0
823246566,"apple","strawberry","[['AE1', 'P', 'AH0', 'L']]","[['S', 'T', 'R', 'AO1', 'B', 'EH2', 'R', 'IY0']]",0
823246566,"strawberry","banana","[['S', 'T', 'R', 'AO1', 'B', 'EH2', 'R', 'IY0']]","[['B', 'AH0', 'N', 'AE1', 'N', 'AH0']]",1
823246566,"banana","milk","[['B', 'AH0', 'N', 'AE1', 'N', 'AH0']]","[['M', 'IH1', 'L', 'K']]",0
823246566,"milk","pop","[['M', 'IH1', 'L', 'K']]","[['P', 'AA1', 'P']]",0
823246566,"pop","milkshake","[['P', 'AA1', 'P']]","[['M', 'IH1', 'L', 'K', 'SH', 'EY2', 'K']]",0
823246566,"milkshake","orangejuice","[['M', 'IH1', 'L', 'K', 'SH', 'EY2', 'K']]","[['AO1', 'R', 'AH0', 'N', 'JH', 'JH', 'UW1', 'S'], ['AO1', 'R', 'IH0', 'N', 'JH', 'JH', 'UW1', 'S']]",0
823246566,"orangejuice","pizza","[['AO1', 'R', 'AH0', 'N', 'JH', 'JH', 'UW1', 'S'], ['AO1', 'R', 'IH0', 'N', 'JH', 'JH', 'UW1', 'S']]","[['P', 'IY1', 'T', 'S', 'AH0']]",1
823246566,"pizza","popcorn","[['P', 'IY1', 'T', 'S', 'AH0']]","[['P', 'AA1', 'P', 'K', 'AO2', 'R', 'N']]",1
823246566,"popcorn","slushie","[['P', 'AA1', 'P', 'K', 'AO2', 'R', 'N']]","[['S', 'L', 'AH1', 'SH', 'AY1', 'IY1']]",0
823246566,"slushie","smoothie","[['S', 'L', 'AH1', 'SH', 'AY1', 'IY1']]","[['S', 'M', 'UW1', 'T', 'HH', 'AY1', 'IY1']]",2
823246566,"smoothie","tangerine","[['S', 'M', 'UW1', 'T', 'HH', 'AY1', 'IY1']]","[['T', 'AE2', 'N', 'JH', 'ER0', 'IY1', 'N']]",1
459233509,"applejuice","bagels","[['AE1', 'P', 'AH0', 'L', 'JH', 'UW1', 'S']]","[['B', 'EY1', 'G', 'AH0', 'L', 'Z']]",2
459233509,"bagels","cereal","[['B', 'EY1', 'G', 'AH0', 'L', 'Z']]","[['S', 'IH1', 'R', 'IY0', 'AH0', 'L']]",2
459233509,"cereal","cheesenips","[['S', 'IH1', 'R', 'IY0', 'AH0', 'L']]","[['CH', 'IY1', 'Z', 'N', 'IH1', 'P', 'S']]",1
459233509,"cheesenips","cranberryjuice","[['CH', 'IY1', 'Z', 'N', 'IH1', 'P', 'S']]","[['K', 'R', 'AE1', 'N', 'B', 'EH2', 'R', 'IY0', 'JH', 'UW1', 'S']]",1
459233509,"cranberryjuice","fruitsnacks","[['K', 'R', 'AE1', 'N', 'B', 'EH2', 'R', 'IY0', 'JH', 'UW1', 'S']]","[['F', 'R', 'UW1', 'T', 'S', 'N', 'AA1', 'S', 'IY1', 'K', 'EY1', 'EH1', 'S']]",1
459233509,"fruitsnacks","gatorade","[['F', 'R', 'UW1', 'T', 'S', 'N', 'AA1', 'S', 'IY1', 'K', 'EY1', 'EH1', 'S']]","[['G', 'AE1', 'T', 'ER0', 'EY2', 'D']]",1
459233509,"gatorade","jambalaya","[['G', 'AE1', 'T', 'ER0', 'EY2', 'D']]","[['JH', 'AE1', 'M', 'EY1', 'L', 'AH0', 'Y', 'AA1']]",1
459233509,"jambalaya","sprite","[['JH', 'AE1', 'M', 'EY1', 'L', 'AH0', 'Y', 'AA1']]","[['S', 'P', 'R', 'AY1', 'T']]",0
459233509,"sprite","lemonade","[['S', 'P', 'R', 'AY1', 'T']]","[['L', 'EH1', 'M', 'AH0', 'N', 'EY1', 'D']]",0
459233509,"lemonade","coke","[['L', 'EH1', 'M', 'AH0', 'N', 'EY1', 'D']]","[['K', 'OW1', 'K']]",0
459233509,"coke","chicken","[['K', 'OW1', 'K']]","[['CH', 'IH1', 'K', 'AH0', 'N']]",1
459233509,"chicken","macaroni","[['CH', 'IH1', 'K', 'AH0', 'N']]","[['M', 'AE2', 'K', 'ER0', 'OW1', 'N', 'IY0']]",1
459233509,"macaroni","greens","[['M', 'AE2', 'K', 'ER0', 'OW1', 'N', 'IY0']]","[['G', 'R', 'IY1', 'N', 'Z']]",1
459233509,"greens","fish","[['G', 'R', 'IY1', 'N', 'Z']]","[['F', 'IH1', 'SH']]",0
459233509,"fish","pop","[['F', 'IH1', 'SH']]","[['P', 'AA1', 'P']]",0
459233509,"pop","water","[['P', 'AA1', 'P']]","[['W', 'AO1', 'T', 'ER0']]",0
459233509,"water","meats","[['W', 'AO1', 'T', 'ER0']]","[['M', 'IY1', 'T', 'S']]",1
459233509,"meats","sausages","[['M', 'IY1', 'T', 'S']]","[['S', 'AO1', 'S', 'IH0', 'JH', 'IH0', 'Z']]",1
459233509,"sausages","bacon","[['S', 'AO1', 'S', 'IH0', 'JH', 'IH0', 'Z']]","[['B', 'EY1', 'K', 'AH0', 'N']]",0
459233509,"bacon","eggs","[['B', 'EY1', 'K', 'AH0', 'N']]","[['EH1', 'G', 'Z']]",0
459233509,"eggs","biscuits","[['EH1', 'G', 'Z']]","[['B', 'IH1', 'S', 'K', 'AH0', 'T', 'S']]",0
459233509,"biscuits","bananas","[['B', 'IH1', 'S', 'K', 'AH0', 'T', 'S']]","[['B', 'AH0', 'N', 'AE1', 'N', 'AH0', 'Z']]",1
459233509,"bananas","orangejuice","[['B', 'AH0', 'N', 'AE1', 'N', 'AH0', 'Z']]","[['AO1', 'R', 'AH0', 'N', 'JH', 'JH', 'UW1', 'S'], ['AO1', 'R', 'IH0', 'N', 'JH', 'JH', 'UW1', 'S']]",2
459233509,"orangejuice","pepsi","[['AO1', 'R', 'AH0', 'N', 'JH', 'JH', 'UW1', 'S'], ['AO1', 'R', 'IH0', 'N', 'JH', 'JH', 'UW1', 'S']]","[['P', 'EH1', 'P', 'S', 'IY0']]",1
459233509,"pepsi","powerade","[['P', 'EH1', 'P', 'S', 'IY0']]","[['P', 'AW1', 'R', 'AA1', 'D', 'IY1'], ['P', 'AW1', 'R', 'AA1', 'D', 'EY1'], ['P', 'AW1', 'R', 'AA1', 'D', 'AH0']]",1
459233509,"powerade","ricekrispietreats","[['P', 'AW1', 'R', 'AA1', 'D', 'IY1'], ['P', 'AW1', 'R', 'AA1', 'D', 'EY1'], ['P', 'AW1', 'R', 'AA1', 'D', 'AH0']]","[['R', 'AY1', 'S', 'K', 'R', 'IH1', 'S', 'P', 'AY1', 'IH0', 'T', 'R', 'EY1', 'T', 'IY1', 'EH1', 'S'], ['R', 'AY1', 'S', 'K', 'R', 'IH1', 'S', 'P', 'Y', 'EH1', 'T', 'R', 'EY1', 'T', 'IY1', 'EH1', 'S'], ['R', 'AY1', 'S', 'K', 'R', 'IH1', 'S', 'P', 'IY1', 'T', 'R', 'EY1', 'T', 'IY1', 'EH1', 'S']]",1
459233509,"ricekrispietreats","spaghetti","[['R', 'AY1', 'S', 'K', 'R', 'IH1', 'S', 'P', 'AY1', 'IH0', 'T', 'R', 'EY1', 'T', 'IY1', 'EH1', 'S'], ['R', 'AY1', 'S', 'K', 'R', 'IH1', 'S', 'P', 'Y', 'EH1', 'T', 'R', 'EY1', 'T', 'IY1', 'EH1', 'S'], ['R', 'AY1', 'S', 'K', 'R', 'IH1', 'S', 'P', 'IY1', 'T', 'R', 'EY1', 'T', 'IY1', 'EH1', 'S']]","[['S', 'P', 'AH0', 'G', 'EH1', 'T', 'IY0']]",2
588241255,"broccoli","corndog","[['B', 'R', 'AA1', 'K', 'AH0', 'L', 'IY0'], ['B', 'R', 'AA1', 'K', 'L', 'IY0']]","[['K', 'AO1', 'R', 'N', 'D', 'AO1', 'G']]",1
588241255,"corndog","dietcoke","[['K', 'AO1', 'R', 'N', 'D', 'AO1', 'G']]","[['D', 'AY1', 'AH0', 'T', 'K', 'OW1', 'K']]",1
588241255,"dietcoke","drpepper","[['D', 'AY1', 'AH0', 'T', 'K', 'OW1', 'K']]","[['D', 'R', 'AY1', 'V', 'P', 'EH1', 'P', 'ER0'], ['D', 'AA1', 'K', 'T', 'ER0', 'P', 'EH1', 'P', 'ER0']]",1
588241255,"drpepper","grahamcrackers","[['D', 'R', 'AY1', 'V', 'P', 'EH1', 'P', 'ER0'], ['D', 'AA1', 'K', 'T', 'ER0', 'P', 'EH1', 'P', 'ER0']]","[['G', 'R', 'EY1', 'AH0', 'M', 'K', 'R', 'AE1', 'K', 'ER0', 'Z'], ['G', 'R', 'AE1', 'M', 'K', 'R', 'AE1', 'K', 'ER0', 'Z']]",1
588241255,"grahamcrackers","granolabars","[['G', 'R', 'EY1', 'AH0', 'M', 'K', 'R', 'AE1', 'K', 'ER0', 'Z'], ['G', 'R', 'AE1', 'M', 'K', 'R', 'AE1', 'K', 'ER0', 'Z']]","[['G', 'R', 'AA1', 'N', 'OW0', 'L', 'AE1', 'B', 'AA1', 'R', 'EH1', 'S']]",2
588241255,"granolabars","icecream","[['G', 'R', 'AA1', 'N', 'OW0', 'L', 'AE1', 'B', 'AA1', 'R', 'EH1', 'S']]","[['AY1', 'S', 'K', 'R', 'IY1', 'M']]",1
588241255,"icecream","langus","[['AY1', 'S', 'K', 'R', 'IY1', 'M']]","[['L', 'AE1', 'N', 'G', 'AH1', 'S']]",1
588241255,"langus","macaroniandcheese","[['L', 'AE1', 'N', 'G', 'AH1', 'S']]","[['M', 'AE2', 'K', 'ER0', 'OW1', 'N', 'IY0', 'AH0', 'N', 'D', 'CH', 'IY1', 'Z'], ['M', 'AE2', 'K', 'ER0', 'OW1', 'N', 'IY0', 'AE1', 'N', 'D', 'CH', 'IY1', 'Z']]",1
588241255,"macaroniandcheese","mountaindew","[['M', 'AE2', 'K', 'ER0', 'OW1', 'N', 'IY0', 'AH0', 'N', 'D', 'CH', 'IY1', 'Z'], ['M', 'AE2', 'K', 'ER0', 'OW1', 'N', 'IY0', 'AE1', 'N', 'D', 'CH', 'IY1', 'Z']]","[['M', 'AW1', 'N', 'T', 'AY1', 'EH1', 'N', 'D', 'UW1'], ['M', 'AW1', 'N', 'T', 'EY1', 'AY1', 'EH1', 'N', 'D', 'UW1']]",2
588241255,"mountaindew","grape","[['M', 'AW1', 'N', 'T', 'AY1', 'EH1', 'N', 'D', 'UW1'], ['M', 'AW1', 'N', 'T', 'EY1', 'AY1', 'EH1', 'N', 'D', 'UW1']]","[['G', 'R', 'EY1', 'P']]",0
588241255,"grape","cheese","[['G', 'R', 'EY1', 'P']]","[['CH', 'IY1', 'Z']]",0
588241255,"cheese","meat","[['CH', 'IY1', 'Z']]","[['M', 'IY1', 'T']]",1
588241255,"meat","coke","[['M', 'IY1', 'T']]","[['K', 'OW1', 'K']]",0
588241255,"coke","orange","[['K', 'OW1', 'K']]","[['AO1', 'R', 'AH0', 'N', 'JH'], ['AO1', 'R', 'IH0', 'N', 'JH']]",0
588241255,"orange","sprite","[['AO1', 'R', 'AH0', 'N', 'JH'], ['AO1', 'R', 'IH0', 'N', 'JH']]","[['S', 'P', 'R', 'AY1', 'T']]",1
588241255,"sprite","grape","[['S', 'P', 'R', 'AY1', 'T']]","[['G', 'R', 'EY1', 'P']]",1
588241255,"grape","cherry","[['G', 'R', 'EY1', 'P']]","[['CH', 'EH1', 'R', 'IY0']]",1
588241255,"cherry","chips","[['CH', 'EH1', 'R', 'IY0']]","[['CH', 'IH1', 'P', 'S']]",1
588241255,"chips","cookies","[['CH', 'IH1', 'P', 'S']]","[['K', 'UH1', 'K', 'IY0', 'Z']]",0
588241255,"cookies","corn","[['K', 'UH1', 'K', 'IY0', 'Z']]","[['K', 'AO1', 'R', 'N']]",1
588241255,"corn","apple","[['K', 'AO1', 'R', 'N']]","[['AE1', 'P', 'AH0', 'L']]",0
588241255,"apple","pineapple","[['AE1', 'P', 'AH0', 'L']]","[['P', 'AY1', 'N', 'AE2', 'P', 'AH0', 'L']]",4
588241255,"pineapple","strawberries","[['P', 'AY1', 'N', 'AE2', 'P', 'AH0', 'L']]","[['S', 'T', 'R', 'AO1', 'B', 'EH2', 'R', 'IY0', 'Z']]",0
588241255,"strawberries","ham","[['S', 'T', 'R', 'AO1', 'B', 'EH2', 'R', 'IY0', 'Z']]","[['HH', 'AE1', 'M']]",0
588241255,"ham","chicken","[['HH', 'AE1', 'M']]","[['CH', 'IH1', 'K', 'AH0', 'N']]",0
588241255,"chicken","pork","[['CH', 'IH1', 'K', 'AH0', 'N']]","[['P', 'AO1', 'R', 'K']]",1
588241255,"pork","pasta","[['P', 'AO1', 'R', 'K']]","[['P', 'AA1', 'S', 'T', 'AH0']]",1
588241255,"pasta","pepsi","[['P', 'AA1', 'S', 'T', 'AH0']]","[['P', 'EH1', 'P', 'S', 'IY0']]",1
588241255,"pepsi","pizza","[['P', 'EH1', 'P', 'S', 'IY0']]","[['P', 'IY1', 'T', 'S', 'AH0']]",1
588241255,"pizza","pizzarolls","[['P', 'IY1', 'T', 'S', 'AH0']]","[['P', 'IY1', 'T', 'S', 'AH0', 'R', 'OW1', 'L', 'Z']]",5
588241255,"pizzarolls","popcorn","[['P', 'IY1', 'T', 'S', 'AH0', 'R', 'OW1', 'L', 'Z']]","[['P', 'AA1', 'P', 'K', 'AO2', 'R', 'N']]",1
588241255,"popcorn","rootbeer","[['P', 'AA1', 'P', 'K', 'AO2', 'R', 'N']]","[['R', 'UW1', 'T', 'B', 'IH1', 'R']]",1
588241255,"rootbeer","seacrackers","[['R', 'UW1', 'T', 'B', 'IH1', 'R']]","[['S', 'IY1', 'K', 'R', 'AE1', 'K', 'ER0', 'Z']]",1
588241255,"seacrackers","sierramist","[['S', 'IY1', 'K', 'R', 'AE1', 'K', 'ER0', 'Z']]","[['S', 'IY0', 'EH1', 'R', 'AH0', 'M', 'IH1', 'S', 'T']]",2
588241255,"sierramist","vanillacoke","[['S', 'IY0', 'EH1', 'R', 'AH0', 'M', 'IH1', 'S', 'T']]","[['V', 'AH0', 'N', 'IH1', 'L', 'AH0', 'K', 'OW1', 'K']]",1
326924228,"applejuice","breadsticks","[['AE1', 'P', 'AH0', 'L', 'JH', 'UW1', 'S']]","[['B', 'R', 'EH1', 'D', 'Z', 'T', 'IH1', 'K', 'S']]",1
326924228,"breadsticks","buffalowings","[['B', 'R', 'EH1', 'D', 'Z', 'T', 'IH1', 'K', 'S']]","[['B', 'AH1', 'F', 'AH0', 'L', 'OW2', 'W', 'IH1', 'NG', 'Z']]",1
326924228,"buffalowings","cereal","[['B', 'AH1', 'F', 'AH0', 'L', 'OW2', 'W', 'IH1', 'NG', 'Z']]","[['S', 'IH1', 'R', 'IY0', 'AH0', 'L']]",2
326924228,"cereal","gingerale","[['S', 'IH1', 'R', 'IY0', 'AH0', 'L']]","[['JH', 'IH1', 'NG', 'EH1', 'R', 'AH0', 'L', 'AH0'], ['JH', 'IH1', 'NG', 'IH1', 'R', 'AH0', 'L', 'AH0']]",2
326924228,"gingerale","orangejuice","[['JH', 'IH1', 'NG', 'EH1', 'R', 'AH0', 'L', 'AH0'], ['JH', 'IH1', 'NG', 'IH1', 'R', 'AH0', 'L', 'AH0']]","[['AO1', 'R', 'AH0', 'N', 'JH', 'JH', 'UW1', 'S'], ['AO1', 'R', 'IH0', 'N', 'JH', 'JH', 'UW1', 'S']]",2
326924228,"orangejuice","water","[['AO1', 'R', 'AH0', 'N', 'JH', 'JH', 'UW1', 'S'], ['AO1', 'R', 'IH0', 'N', 'JH', 'JH', 'UW1', 'S']]","[['W', 'AO1', 'T', 'ER0']]",1
326924228,"water","soda","[['W', 'AO1', 'T', 'ER0']]","[['S', 'OW1', 'D', 'AH0']]",0
326924228,"soda","pasta","[['S', 'OW1', 'D', 'AH0']]","[['P', 'AA1', 'S', 'T', 'AH0']]",1
326924228,"pasta","milk","[['P', 'AA1', 'S', 'T', 'AH0']]","[['M', 'IH1', 'L', 'K']]",0
326924228,"milk","apples","[['M', 'IH1', 'L', 'K']]","[['AE1', 'P', 'AH0', 'L', 'Z']]",1
326924228,"apples","fruit","[['AE1', 'P', 'AH0', 'L', 'Z']]","[['F', 'R', 'UW1', 'T']]",0
326924228,"fruit","grapes","[['F', 'R', 'UW1', 'T']]","[['G', 'R', 'EY1', 'P', 'S']]",1
326924228,"grapes","coffee","[['G', 'R', 'EY1', 'P', 'S']]","[['K', 'AA1', 'F', 'IY0'], ['K', 'AO1', 'F', 'IY0']]",0
326924228,"coffee","pizza","[['K', 'AA1', 'F', 'IY0'], ['K', 'AO1', 'F', 'IY0']]","[['P', 'IY1', 'T', 'S', 'AH0']]",1
326924228,"pizza","ravioli","[['P', 'IY1', 'T', 'S', 'AH0']]","[['R', 'AE2', 'V', 'IY0', 'OW1', 'L', 'IY0']]",1
326924228,"ravioli","spaghetti","[['R', 'AE2', 'V', 'IY0', 'OW1', 'L', 'IY0']]","[['S', 'P', 'AH0', 'G', 'EH1', 'T', 'IY0']]",1
703247569,"breadsticks","cheesepizza","[['B', 'R', 'EH1', 'D', 'Z', 'T', 'IH1', 'K', 'S']]","[['CH', 'IY1', 'Z', 'P', 'IY1', 'T', 'S', 'AH0']]",1
703247569,"cheesepizza","dietcoke","[['CH', 'IY1', 'Z', 'P', 'IY1', 'T', 'S', 'AH0']]","[['D', 'AY1', 'AH0', 'T', 'K', 'OW1', 'K']]",1
703247569,"dietcoke","frenchfries","[['D', 'AY1', 'AH0', 'T', 'K', 'OW1', 'K']]","[['F', 'R', 'EH1', 'N', 'CH', 'F', 'R', 'AY1', 'Z']]",1
703247569,"frenchfries","frozenpizzas","[['F', 'R', 'EH1', 'N', 'CH', 'F', 'R', 'AY1', 'Z']]","[['F', 'R', 'OW1', 'Z', 'AH0', 'N', 'P', 'IY1', 'T', 'S', 'AH0', 'Z']]",2
703247569,"frozenpizzas","granolabars","[['F', 'R', 'OW1', 'Z', 'AH0', 'N', 'P', 'IY1', 'T', 'S', 'AH0', 'Z']]","[['G', 'R', 'AA1', 'N', 'OW0', 'L', 'AE1', 'B', 'AA1', 'R', 'EH1', 'S']]",1
703247569,"granolabars","guacamole","[['G', 'R', 'AA1', 'N', 'OW0', 'L', 'AE1', 'B', 'AA1', 'R', 'EH1', 'S']]","[['G', 'W', 'AA2', 'K', 'AH0', 'M', 'OW1', 'L', 'IY0']]",2
703247569,"guacamole","hamburger","[['G', 'W', 'AA2', 'K', 'AH0', 'M', 'OW1', 'L', 'IY0']]","[['HH', 'AE1', 'M', 'B', 'ER0', 'G', 'ER0']]",1
703247569,"hamburger","hershey","[['HH', 'AE1', 'M', 'B', 'ER0', 'G', 'ER0']]","[['HH', 'ER1', 'SH', 'IY0']]",1
703247569,"hershey","hotdog","[['HH', 'ER1', 'SH', 'IY0']]","[['HH', 'AA1', 'T', 'D', 'AO2', 'G']]",1
703247569,"hotdog","hotdogs","[['HH', 'AA1', 'T', 'D', 'AO2', 'G']]","[['HH', 'AA1', 'T', 'D', 'AO2', 'G', 'Z']]",6
703247569,"hotdogs","lasagna","[['HH', 'AA1', 'T', 'D', 'AO2', 'G', 'Z']]","[['L', 'AA0', 'S', 'AA1', 'N', 'Y', 'AH0'], ['L', 'AH0', 'Z', 'AA1', 'N', 'Y', 'AH0']]",1
703247569,"lasagna","mashedpotatoes","[['L', 'AA0', 'S', 'AA1', 'N', 'Y', 'AH0'], ['L', 'AH0', 'Z', 'AA1', 'N', 'Y', 'AH0']]","[['M', 'AE1', 'SH', 'T', 'P', 'AH0', 'T', 'EY1', 'T', 'OW0', 'Z']]",1
703247569,"mashedpotatoes","pepperjackcheese","[['M', 'AE1', 'SH', 'T', 'P', 'AH0', 'T', 'EY1', 'T', 'OW0', 'Z']]","[['P', 'EH1', 'P', 'ER0', 'JH', 'AE1', 'K', 'CH', 'IY1', 'Z']]",1
703247569,"pepperjackcheese","chips","[['P', 'EH1', 'P', 'ER0', 'JH', 'AE1', 'K', 'CH', 'IY1', 'Z']]","[['CH', 'IH1', 'P', 'S']]",1
703247569,"chips","pepperonipizza","[['CH', 'IH1', 'P', 'S']]","[['P', 'EH1', 'P', 'ER0', 'AA1', 'N', 'IH1', 'P', 'AY1', 'Z', 'IY1', 'Z', 'IY1', 'AH0'], ['P', 'EH1', 'P', 'ER0', 'AA1', 'N', 'IH1', 'P', 'AY1', 'Z', 'IY1', 'Z', 'IY1', 'EY1'], ['P', 'EH1', 'P', 'ER0', 'AA1', 'N', 'AY1', 'P', 'IY1', 'AY1', 'Z', 'IY1', 'Z', 'IY1', 'AH0'], ['P', 'EH1', 'P', 'ER0', 'AA1', 'N', 'AY1', 'P', 'IY1', 'AY1', 'Z', 'IY1', 'Z', 'IY1', 'EY1'], ['P', 'EH1', 'P', 'ER0', 'AO1', 'N', 'IH1', 'P', 'AY1', 'Z', 'IY1', 'Z', 'IY1', 'AH0'], ['P', 'EH1', 'P', 'ER0', 'AO1', 'N', 'IH1', 'P', 'AY1', 'Z', 'IY1', 'Z', 'IY1', 'EY1'], ['P', 'EH1', 'P', 'ER0', 'AO1', 'N', 'AY1', 'P', 'IY1', 'AY1', 'Z', 'IY1', 'Z', 'IY1', 'AH0'], ['P', 'EH1', 'P', 'ER0', 'AO1', 'N', 'AY1', 'P', 'IY1', 'AY1', 'Z', 'IY1', 'Z', 'IY1', 'EY1']]",2
703247569,"pepperonipizza","sausage","[['P', 'EH1', 'P', 'ER0', 'AA1', 'N', 'IH1', 'P', 'AY1', 'Z', 'IY1', 'Z', 'IY1', 'AH0'], ['P', 'EH1', 'P', 'ER0', 'AA1', 'N', 'IH1', 'P', 'AY1', 'Z', 'IY1', 'Z', 'IY1', 'EY1'], ['P', 'EH1', 'P', 'ER0', 'AA1', 'N', 'AY1', 'P', 'IY1', 'AY1', 'Z', 'IY1', 'Z', 'IY1', 'AH0'], ['P', 'EH1', 'P', 'ER0', 'AA1', 'N', 'AY1', 'P', 'IY1', 'AY1', 'Z', 'IY1', 'Z', 'IY1', 'EY1'], ['P', 'EH1', 'P', 'ER0', 'AO1', 'N', 'IH1', 'P', 'AY1', 'Z', 'IY1', 'Z', 'IY1', 'AH0'], ['P', 'EH1', 'P', 'ER0', 'AO1', 'N', 'IH1', 'P', 'AY1', 'Z', 'IY1', 'Z', 'IY1', 'EY1'], ['P', 'EH1', 'P', 'ER0', 'AO1', 'N', 'AY1', 'P', 'IY1', 'AY1', 'Z', 'IY1', 'Z', 'IY1', 'AH0'], ['P', 'EH1', 'P', 'ER0', 'AO1', 'N', 'AY1', 'P', 'IY1', 'AY1', 'Z', 'IY1', 'Z', 'IY1', 'EY1']]","[['S', 'AO1', 'S', 'AH0', 'JH'], ['S', 'AO1', 'S', 'IH0', 'JH']]",1
703247569,"sausage","milk","[['S', 'AO1', 'S', 'AH0', 'JH'], ['S', 'AO1', 'S', 'IH0', 'JH']]","[['M', 'IH1', 'L', 'K']]",0
703247569,"milk","coke","[['M', 'IH1', 'L', 'K']]","[['K', 'OW1', 'K']]",1
703247569,"coke","sprite","[['K', 'OW1', 'K']]","[['S', 'P', 'R', 'AY1', 'T']]",0
703247569,"sprite","corn","[['S', 'P', 'R', 'AY1', 'T']]","[['K', 'AO1', 'R', 'N']]",1
703247569,"corn","peas","[['K', 'AO1', 'R', 'N']]","[['P', 'IY1', 'Z']]",0
703247569,"peas","grapes","[['P', 'IY1', 'Z']]","[['G', 'R', 'EY1', 'P', 'S']]",1
703247569,"grapes","apple","[['G', 'R', 'EY1', 'P', 'S']]","[['AE1', 'P', 'AH0', 'L']]",1
703247569,"apple","bananas","[['AE1', 'P', 'AH0', 'L']]","[['B', 'AH0', 'N', 'AE1', 'N', 'AH0', 'Z']]",1
703247569,"bananas","cheese","[['B', 'AH0', 'N', 'AE1', 'N', 'AH0', 'Z']]","[['CH', 'IY1', 'Z']]",1
703247569,"cheese","bread","[['CH', 'IY1', 'Z']]","[['B', 'R', 'EH1', 'D']]",0
703247569,"bread","popsicles","[['B', 'R', 'EH1', 'D']]","[['P', 'AA1', 'P', 'S', 'AY1', 'S', 'IY1', 'L', 'EH1', 'S'], ['P', 'AA1', 'P', 'S', 'AY1', 'S', 'IY1', 'L', 'EY1']]",1
703247569,"popsicles","pringles","[['P', 'AA1', 'P', 'S', 'AY1', 'S', 'IY1', 'L', 'EH1', 'S'], ['P', 'AA1', 'P', 'S', 'AY1', 'S', 'IY1', 'L', 'EY1']]","[['P', 'R', 'IH1', 'NG', 'L', 'EH1', 'S'], ['P', 'R', 'IH1', 'NG', 'L', 'EY1']]",3
703247569,"pringles","quakerbars","[['P', 'R', 'IH1', 'NG', 'L', 'EH1', 'S'], ['P', 'R', 'IH1', 'NG', 'L', 'EY1']]","[['K', 'W', 'EY1', 'K', 'AA1', 'R', 'B', 'IY1', 'AA1', 'R', 'EH1', 'S']]",2
703247569,"quakerbars","sausagepizza","[['K', 'W', 'EY1', 'K', 'AA1', 'R', 'B', 'IY1', 'AA1', 'R', 'EH1', 'S']]","[['S', 'AO1', 'S', 'AH0', 'JH', 'P', 'IY1', 'T', 'S', 'AH0'], ['S', 'AO1', 'S', 'IH0', 'JH', 'P', 'IY1', 'T', 'S', 'AH0']]",1
703247569,"sausagepizza","skittles","[['S', 'AO1', 'S', 'AH0', 'JH', 'P', 'IY1', 'T', 'S', 'AH0'], ['S', 'AO1', 'S', 'IH0', 'JH', 'P', 'IY1', 'T', 'S', 'AH0']]","[['S', 'K', 'IH1', 'T', 'AH0', 'L', 'Z']]",1
703247569,"skittles","spaghetti","[['S', 'K', 'IH1', 'T', 'AH0', 'L', 'Z']]","[['S', 'P', 'AH0', 'G', 'EH1', 'T', 'IY0']]",1
703247569,"spaghetti","sunkist","[['S', 'P', 'AH0', 'G', 'EH1', 'T', 'IY0']]","[['S', 'AH1', 'N', 'K', 'IH2', 'S', 'T']]",1
703247569,"sunkist","tatertots","[['S', 'AH1', 'N', 'K', 'IH2', 'S', 'T']]","[['T', 'EY1', 'T', 'ER0', 'T', 'AA1', 'T', 'S']]",1
717306362,"barbecue","macaroniandcheese","[['B', 'AA1', 'R', 'B', 'IH0', 'K', 'Y', 'UW2']]","[['M', 'AE2', 'K', 'ER0', 'OW1', 'N', 'IY0', 'AH0', 'N', 'D', 'CH', 'IY1', 'Z'], ['M', 'AE2', 'K', 'ER0', 'OW1', 'N', 'IY0', 'AE1', 'N', 'D', 'CH', 'IY1', 'Z']]",1
717306362,"macaroniandcheese","soda","[['M', 'AE2', 'K', 'ER0', 'OW1', 'N', 'IY0', 'AH0', 'N', 'D', 'CH', 'IY1', 'Z'], ['M', 'AE2', 'K', 'ER0', 'OW1', 'N', 'IY0', 'AE1', 'N', 'D', 'CH', 'IY1', 'Z']]","[['S', 'OW1', 'D', 'AH0']]",1
717306362,"soda","water","[['S', 'OW1', 'D', 'AH0']]","[['W', 'AO1', 'T', 'ER0']]",0
717306362,"water","chicken","[['W', 'AO1', 'T', 'ER0']]","[['CH', 'IH1', 'K', 'AH0', 'N']]",0
717306362,"chicken","burger","[['CH', 'IH1', 'K', 'AH0', 'N']]","[['B', 'ER1', 'G', 'ER0']]",0
717306362,"burger","rice","[['B', 'ER1', 'G', 'ER0']]","[['R', 'AY1', 'S']]",0
717306362,"rice","steak","[['R', 'AY1', 'S']]","[['S', 'T', 'EY1', 'K']]",1
717306362,"steak","chinese","[['S', 'T', 'EY1', 'K']]","[['CH', 'AY0', 'N', 'IY1', 'Z']]",0
717306362,"chinese","rice","[['CH', 'AY0', 'N', 'IY1', 'Z']]","[['R', 'AY1', 'S']]",1
717306362,"rice","juice","[['R', 'AY1', 'S']]","[['JH', 'UW1', 'S']]",1
717306362,"juice","orange","[['JH', 'UW1', 'S']]","[['AO1', 'R', 'AH0', 'N', 'JH'], ['AO1', 'R', 'IH0', 'N', 'JH']]",1
717306362,"orange","lemon","[['AO1', 'R', 'AH0', 'N', 'JH'], ['AO1', 'R', 'IH0', 'N', 'JH']]","[['L', 'EH1', 'M', 'AH0', 'N']]",2
717306362,"lemon","apple","[['L', 'EH1', 'M', 'AH0', 'N']]","[['AE1', 'P', 'AH0', 'L']]",1
717306362,"apple","pear","[['AE1', 'P', 'AH0', 'L']]","[['P', 'EH1', 'R']]",1
717306362,"pear","lemon","[['P', 'EH1', 'R']]","[['L', 'EH1', 'M', 'AH0', 'N']]",1
717306362,"lemon","pizza","[['L', 'EH1', 'M', 'AH0', 'N']]","[['P', 'IY1', 'T', 'S', 'AH0']]",1
717306362,"pizza","spaghetti","[['P', 'IY1', 'T', 'S', 'AH0']]","[['S', 'P', 'AH0', 'G', 'EH1', 'T', 'IY0']]",1
207817079,"cereal","dietcoke","[['S', 'IH1', 'R', 'IY0', 'AH0', 'L']]","[['D', 'AY1', 'AH0', 'T', 'K', 'OW1', 'K']]",1
207817079,"dietcoke","peanutbutter","[['D', 'AY1', 'AH0', 'T', 'K', 'OW1', 'K']]","[['P', 'IY1', 'N', 'AH0', 'T', 'B', 'AH1', 'T', 'ER0'], ['P', 'IY1', 'N', 'AH2', 'T', 'B', 'AH1', 'T', 'ER0']]",2
207817079,"peanutbutter","chips","[['P', 'IY1', 'N', 'AH0', 'T', 'B', 'AH1', 'T', 'ER0'], ['P', 'IY1', 'N', 'AH2', 'T', 'B', 'AH1', 'T', 'ER0']]","[['CH', 'IH1', 'P', 'S']]",1
207817079,"chips","candies","[['CH', 'IH1', 'P', 'S']]","[['K', 'AE1', 'N', 'D', 'IY0', 'Z']]",0
207817079,"candies","pop","[['K', 'AE1', 'N', 'D', 'IY0', 'Z']]","[['P', 'AA1', 'P']]",0
207817079,"pop","lemonade","[['P', 'AA1', 'P']]","[['L', 'EH1', 'M', 'AH0', 'N', 'EY1', 'D']]",0
207817079,"lemonade","pies","[['L', 'EH1', 'M', 'AH0', 'N', 'EY1', 'D']]","[['P', 'AY1', 'Z']]",0
207817079,"pies","cakes","[['P', 'AY1', 'Z']]","[['K', 'EY1', 'K', 'S']]",0
207817079,"cakes","brownies","[['K', 'EY1', 'K', 'S']]","[['B', 'R', 'AW1', 'N', 'IY0', 'Z']]",0
207817079,"brownies","sandwich","[['B', 'R', 'AW1', 'N', 'IY0', 'Z']]","[['S', 'AE1', 'N', 'D', 'W', 'IH0', 'CH'], ['S', 'AE1', 'N', 'W', 'IH0', 'CH'], ['S', 'AE1', 'M', 'W', 'IH0', 'CH']]",1
207817079,"sandwich","fish","[['S', 'AE1', 'N', 'D', 'W', 'IH0', 'CH'], ['S', 'AE1', 'N', 'W', 'IH0', 'CH'], ['S', 'AE1', 'M', 'W', 'IH0', 'CH']]","[['F', 'IH1', 'SH']]",1
207817079,"fish","chicken","[['F', 'IH1', 'SH']]","[['CH', 'IH1', 'K', 'AH0', 'N']]",1
207817079,"chicken","pizza","[['CH', 'IH1', 'K', 'AH0', 'N']]","[['P', 'IY1', 'T', 'S', 'AH0']]",1
207817079,"pizza","pizza","[['P', 'IY1', 'T', 'S', 'AH0']]","[['P', 'IY1', 'T', 'S', 'AH0']]",5
207817079,"pizza","tunafish","[['P', 'IY1', 'T', 'S', 'AH0']]","[['T', 'UW1', 'N', 'AH0', 'F', 'IH0', 'SH']]",1
691038073,"broccoli","kiwi","[['B', 'R', 'AA1', 'K', 'AH0', 'L', 'IY0'], ['B', 'R', 'AA1', 'K', 'L', 'IY0']]","[['K', 'IY1', 'W', 'IY0']]",1
691038073,"kiwi","mayo","[['K', 'IY1', 'W', 'IY0']]","[['M', 'EY1', 'OW0']]",0
691038073,"mayo","soda","[['M', 'EY1', 'OW0']]","[['S', 'OW1', 'D', 'AH0']]",1
691038073,"soda","corn","[['S', 'OW1', 'D', 'AH0']]","[['K', 'AO1', 'R', 'N']]",0
691038073,"corn","potatoes","[['K', 'AO1', 'R', 'N']]","[['P', 'AH0', 'T', 'EY1', 'T', 'OW0', 'Z']]",0
691038073,"potatoes","tomato","[['P', 'AH0', 'T', 'EY1', 'T', 'OW0', 'Z']]","[['T', 'AH0', 'M', 'EY1', 'T', 'OW2'], ['T', 'AH0', 'M', 'AA1', 'T', 'OW2']]",3
691038073,"tomato","steak","[['T', 'AH0', 'M', 'EY1', 'T', 'OW2'], ['T', 'AH0', 'M', 'AA1', 'T', 'OW2']]","[['S', 'T', 'EY1', 'K']]",1
691038073,"steak","apple","[['S', 'T', 'EY1', 'K']]","[['AE1', 'P', 'AH0', 'L']]",0
691038073,"apple","oranges","[['AE1', 'P', 'AH0', 'L']]","[['AO1', 'R', 'AH0', 'N', 'JH', 'AH0', 'Z'], ['AO1', 'R', 'IH0', 'N', 'JH', 'IH0', 'Z']]",1
691038073,"oranges","banana","[['AO1', 'R', 'AH0', 'N', 'JH', 'AH0', 'Z'], ['AO1', 'R', 'IH0', 'N', 'JH', 'IH0', 'Z']]","[['B', 'AH0', 'N', 'AE1', 'N', 'AH0']]",2
691038073,"banana","plums","[['B', 'AH0', 'N', 'AE1', 'N', 'AH0']]","[['P', 'L', 'AH1', 'M', 'Z']]",1
691038073,"plums","water","[['P', 'L', 'AH1', 'M', 'Z']]","[['W', 'AO1', 'T', 'ER0']]",0
691038073,"water","bread","[['W', 'AO1', 'T', 'ER0']]","[['B', 'R', 'EH1', 'D']]",0
691038073,"bread","turkey","[['B', 'R', 'EH1', 'D']]","[['T', 'ER1', 'K', 'IY0']]",0
691038073,"turkey","mustard","[['T', 'ER1', 'K', 'IY0']]","[['M', 'AH1', 'S', 'T', 'ER0', 'D']]",2
691038073,"mustard","lettuce","[['M', 'AH1', 'S', 'T', 'ER0', 'D']]","[['L', 'EH1', 'T', 'AH0', 'S']]",2
691038073,"lettuce","carrots","[['L', 'EH1', 'T', 'AH0', 'S']]","[['K', 'AE1', 'R', 'AH0', 'T', 'S'], ['K', 'EH1', 'R', 'AH0', 'T', 'S']]",1
691038073,"carrots","radishes","[['K', 'AE1', 'R', 'AH0', 'T', 'S'], ['K', 'EH1', 'R', 'AH0', 'T', 'S']]","[['R', 'AE1', 'D', 'IH0', 'SH', 'IH0', 'Z']]",1
691038073,"radishes","beets","[['R', 'AE1', 'D', 'IH0', 'SH', 'IH0', 'Z']]","[['B', 'IY1', 'T', 'S']]",0
691038073,"beets","cauliflower","[['B', 'IY1', 'T', 'S']]","[['K', 'AA1', 'L', 'AH0', 'F', 'L', 'AW2', 'ER0']]",0
691038073,"cauliflower","beans","[['K', 'AA1', 'L', 'AH0', 'F', 'L', 'AW2', 'ER0']]","[['B', 'IY1', 'N', 'Z']]",0
691038073,"beans","sweetpotatoes","[['B', 'IY1', 'N', 'Z']]","[['S', 'W', 'IY1', 'T', 'P', 'AH0', 'T', 'EY1', 'T', 'OW0', 'Z']]",1
622425100,"2%milk","applejuice","","[['AE1', 'P', 'AH0', 'L', 'JH', 'UW1', 'S']]",0
622425100,"applejuice","blueberries","[['AE1', 'P', 'AH0', 'L', 'JH', 'UW1', 'S']]","[['B', 'L', 'UW1', 'B', 'EH2', 'R', 'IY0', 'Z']]",1
622425100,"blueberries","blueberrymuffins","[['B', 'L', 'UW1', 'B', 'EH2', 'R', 'IY0', 'Z']]","[['B', 'L', 'UW1', 'B', 'EH2', 'R', 'IY0', 'M', 'AH1', 'F', 'AH0', 'N', 'Z']]",7
622425100,"blueberrymuffins","breadsticks","[['B', 'L', 'UW1', 'B', 'EH2', 'R', 'IY0', 'M', 'AH1', 'F', 'AH0', 'N', 'Z']]","[['B', 'R', 'EH1', 'D', 'Z', 'T', 'IH1', 'K', 'S']]",1
622425100,"breadsticks","burrito","[['B', 'R', 'EH1', 'D', 'Z', 'T', 'IH1', 'K', 'S']]","[['B', 'ER0', 'IY1', 'T', 'OW0']]",1
622425100,"burrito","chickennoodles","[['B', 'ER0', 'IY1', 'T', 'OW0']]","[['CH', 'IH1', 'K', 'AH0', 'N', 'N', 'UW1', 'D', 'AH0', 'L', 'Z']]",0
622425100,"chickennoodles","chickenpasta","[['CH', 'IH1', 'K', 'AH0', 'N', 'N', 'UW1', 'D', 'AH0', 'L', 'Z']]","[['CH', 'IH1', 'K', 'AH0', 'N', 'P', 'AA1', 'S', 'T', 'AH0']]",5
622425100,"chickenpasta","chocolatemilk","[['CH', 'IH1', 'K', 'AH0', 'N', 'P', 'AA1', 'S', 'T', 'AH0']]","[['CH', 'AA1', 'K', 'L', 'AH0', 'T', 'EH1', 'M', 'IH1', 'L', 'K']]",1
622425100,"chocolatemilk","cornbread","[['CH', 'AA1', 'K', 'L', 'AH0', 'T', 'EH1', 'M', 'IH1', 'L', 'K']]","[['K', 'AO1', 'R', 'N', 'B', 'R', 'EH2', 'D']]",1
622425100,"cornbread","gatorade","[['K', 'AO1', 'R', 'N', 'B', 'R', 'EH2', 'D']]","[['G', 'AE1', 'T', 'ER0', 'EY2', 'D']]",1
622425100,"gatorade","granolabars","[['G', 'AE1', 'T', 'ER0', 'EY2', 'D']]","[['G', 'R', 'AA1', 'N', 'OW0', 'L', 'AE1', 'B', 'AA1', 'R', 'EH1', 'S']]",1
622425100,"granolabars","hamburger","[['G', 'R', 'AA1', 'N', 'OW0', 'L', 'AE1', 'B', 'AA1', 'R', 'EH1', 'S']]","[['HH', 'AE1', 'M', 'B', 'ER0', 'G', 'ER0']]",1
622425100,"hamburger","hotdog","[['HH', 'AE1', 'M', 'B', 'ER0', 'G', 'ER0']]","[['HH', 'AA1', 'T', 'D', 'AO2', 'G']]",1
622425100,"hotdog","lasagna","[['HH', 'AA1', 'T', 'D', 'AO2', 'G']]","[['L', 'AA0', 'S', 'AA1', 'N', 'Y', 'AH0'], ['L', 'AH0', 'Z', 'AA1', 'N', 'Y', 'AH0']]",1
622425100,"lasagna","mashedpotatoes","[['L', 'AA0', 'S', 'AA1', 'N', 'Y', 'AH0'], ['L', 'AH0', 'Z', 'AA1', 'N', 'Y', 'AH0']]","[['M', 'AE1', 'SH', 'T', 'P', 'AH0', 'T', 'EY1', 'T', 'OW0', 'Z']]",1
622425100,"mashedpotatoes","orangejuice","[['M', 'AE1', 'SH', 'T', 'P', 'AH0', 'T', 'EY1', 'T', 'OW0', 'Z']]","[['AO1', 'R', 'AH0', 'N', 'JH', 'JH', 'UW1', 'S'], ['AO1', 'R', 'IH0', 'N', 'JH', 'JH', 'UW1', 'S']]",1
622425100,"orangejuice","peanutbutter","[['AO1', 'R', 'AH0', 'N', 'JH', 'JH', 'UW1', 'S'], ['AO1', 'R', 'IH0', 'N', 'JH', 'JH', 'UW1', 'S']]","[['P', 'IY1', 'N', 'AH0', 'T', 'B', 'AH1', 'T', 'ER0'], ['P', 'IY1', 'N', 'AH2', 'T', 'B', 'AH1', 'T', 'ER0']]",1
622425100,"peanutbutter","chicken","[['P', 'IY1', 'N', 'AH0', 'T', 'B', 'AH1', 'T', 'ER0'], ['P', 'IY1', 'N', 'AH2', 'T', 'B', 'AH1', 'T', 'ER0']]","[['CH', 'IH1', 'K', 'AH0', 'N']]",1
622425100,"chicken","rice","[['CH', 'IH1', 'K', 'AH0', 'N']]","[['R', 'AY1', 'S']]",0
622425100,"rice","corn","[['R', 'AY1', 'S']]","[['K', 'AO1', 'R', 'N']]",1
622425100,"corn","celery","[['K', 'AO1', 'R', 'N']]","[['S', 'EH1', 'L', 'ER0', 'IY0']]",0
622425100,"celery","water","[['S', 'EH1', 'L', 'ER0', 'IY0']]","[['W', 'AO1', 'T', 'ER0']]",1
622425100,"water","turkey","[['W', 'AO1', 'T', 'ER0']]","[['T', 'ER1', 'K', 'IY0']]",2
622425100,"turkey","ham","[['T', 'ER1', 'K', 'IY0']]","[['HH', 'AE1', 'M']]",0
622425100,"ham","wings","[['HH', 'AE1', 'M']]","[['W', 'IH1', 'NG', 'Z']]",0
622425100,"wings","powerade","[['W', 'IH1', 'NG', 'Z']]","[['P', 'AW1', 'R', 'AA1', 'D', 'IY1'], ['P', 'AW1', 'R', 'AA1', 'D', 'EY1'], ['P', 'AW1', 'R', 'AA1', 'D', 'AH0']]",0
622425100,"powerade","apples","[['P', 'AW1', 'R', 'AA1', 'D', 'IY1'], ['P', 'AW1', 'R', 'AA1', 'D', 'EY1'], ['P', 'AW1', 'R', 'AA1', 'D', 'AH0']]","[['AE1', 'P', 'AH0', 'L', 'Z']]",1
622425100,"apples","oranges","[['AE1', 'P', 'AH0', 'L', 'Z']]","[['AO1', 'R', 'AH0', 'N', 'JH', 'AH0', 'Z'], ['AO1', 'R', 'IH0', 'N', 'JH', 'IH0', 'Z']]",1
622425100,"oranges","strawberry","[['AO1', 'R', 'AH0', 'N', 'JH', 'AH0', 'Z'], ['AO1', 'R', 'IH0', 'N', 'JH', 'IH0', 'Z']]","[['S', 'T', 'R', 'AO1', 'B', 'EH2', 'R', 'IY0']]",1
622425100,"strawberry","raspberries","[['S', 'T', 'R', 'AO1', 'B', 'EH2', 'R', 'IY0']]","[['R', 'AE1', 'Z', 'B', 'EH2', 'R', 'IY0', 'Z']]",4
622425100,"raspberries","spaghetti","[['R', 'AE1', 'Z', 'B', 'EH2', 'R', 'IY0', 'Z']]","[['S', 'P', 'AH0', 'G', 'EH1', 'T', 'IY0']]",1
622425100,"spaghetti","waffles","[['S', 'P', 'AH0', 'G', 'EH1', 'T', 'IY0']]","[['W', 'AA1', 'F', 'AH0', 'L', 'Z']]",1
329415851,"applejuice","cereal","[['AE1', 'P', 'AH0', 'L', 'JH', 'UW1', 'S']]","[['S', 'IH1', 'R', 'IY0', 'AH0', 'L']]",2
329415851,"cereal","cheezits","[['S', 'IH1', 'R', 'IY0', 'AH0', 'L']]","[['CH', 'IY1', 'Z', 'IY1', 'T', 'IY1', 'EH1', 'S']]",1
329415851,"cheezits","chickennoodlesoup","[['CH', 'IY1', 'Z', 'IY1', 'T', 'IY1', 'EH1', 'S']]","[['CH', 'IH1', 'K', 'AH0', 'N', 'N', 'UW1', 'D', 'AH0', 'L', 'S', 'UW1', 'P']]",1
329415851,"chickennoodlesoup","cranberryjuice","[['CH', 'IH1', 'K', 'AH0', 'N', 'N', 'UW1', 'D', 'AH0', 'L', 'S', 'UW1', 'P']]","[['K', 'R', 'AE1', 'N', 'B', 'EH2', 'R', 'IY0', 'JH', 'UW1', 'S']]",1
329415851,"cranberryjuice","grapejuice","[['K', 'R', 'AE1', 'N', 'B', 'EH2', 'R', 'IY0', 'JH', 'UW1', 'S']]","[['G', 'R', 'EY1', 'P', 'JH', 'UW1', 'S']]",3
329415851,"grapejuice","hotchocolate","[['G', 'R', 'EY1', 'P', 'JH', 'UW1', 'S']]","[['HH', 'AA1', 'T', 'CH', 'AO1', 'K', 'L', 'AH0', 'T']]",0
329415851,"hotchocolate","macaroniandcheese","[['HH', 'AA1', 'T', 'CH', 'AO1', 'K', 'L', 'AH0', 'T']]","[['M', 'AE2', 'K', 'ER0', 'OW1', 'N', 'IY0', 'AH0', 'N', 'D', 'CH', 'IY1', 'Z'], ['M', 'AE2', 'K', 'ER0', 'OW1', 'N', 'IY0', 'AE1', 'N', 'D', 'CH', 'IY1', 'Z']]",1
329415851,"macaroniandcheese","orangejuice","[['M', 'AE2', 'K', 'ER0', 'OW1', 'N', 'IY0', 'AH0', 'N', 'D', 'CH', 'IY1', 'Z'], ['M', 'AE2', 'K', 'ER0', 'OW1', 'N', 'IY0', 'AE1', 'N', 'D', 'CH', 'IY1', 'Z']]","[['AO1', 'R', 'AH0', 'N', 'JH', 'JH', 'UW1', 'S'], ['AO1', 'R', 'IH0', 'N', 'JH', 'JH', 'UW1', 'S']]",2
329415851,"orangejuice","chicken","[['AO1', 'R', 'AH0', 'N', 'JH', 'JH', 'UW1', 'S'], ['AO1', 'R', 'IH0', 'N', 'JH', 'JH', 'UW1', 'S']]","[['CH', 'IH1', 'K', 'AH0', 'N']]",2
329415851,"chicken","water","[['CH', 'IH1', 'K', 'AH0', 'N']]","[['W', 'AO1', 'T', 'ER0']]",0
329415851,"water","pop","[['W', 'AO1', 'T', 'ER0']]","[['P', 'AA1', 'P']]",0
329415851,"pop","steak","[['P', 'AA1', 'P']]","[['S', 'T', 'EY1', 'K']]",0
329415851,"steak","bread","[['S', 'T', 'EY1', 'K']]","[['B', 'R', 'EH1', 'D']]",0
329415851,"bread","milk","[['B', 'R', 'EH1', 'D']]","[['M', 'IH1', 'L', 'K']]",0
329415851,"milk","bananas","[['M', 'IH1', 'L', 'K']]","[['B', 'AH0', 'N', 'AE1', 'N', 'AH0', 'Z']]",0
329415851,"bananas","apples","[['B', 'AH0', 'N', 'AE1', 'N', 'AH0', 'Z']]","[['AE1', 'P', 'AH0', 'L', 'Z']]",1
329415851,"apples","oranges","[['AE1', 'P', 'AH0', 'L', 'Z']]","[['AO1', 'R', 'AH0', 'N', 'JH', 'AH0', 'Z'], ['AO1', 'R', 'IH0', 'N', 'JH', 'IH0', 'Z']]",1
329415851,"oranges","grapes","[['AO1', 'R', 'AH0', 'N', 'JH', 'AH0', 'Z'], ['AO1', 'R', 'IH0', 'N', 'JH', 'IH0', 'Z']]","[['G', 'R', 'EY1', 'P', 'S']]",1
329415851,"grapes","lettuce","[['G', 'R', 'EY1', 'P', 'S']]","[['L', 'EH1', 'T', 'AH0', 'S']]",1
329415851,"lettuce","crackers","[['L', 'EH1', 'T', 'AH0', 'S']]","[['K', 'R', 'AE1', 'K', 'ER0', 'Z']]",0
329415851,"crackers","tea","[['K', 'R', 'AE1', 'K', 'ER0', 'Z']]","[['T', 'IY1']]",0
329415851,"tea","tomatojuice","[['T', 'IY1']]","[['T', 'AH0', 'M', 'EY1', 'T', 'OW2', 'JH', 'UW1', 'S'], ['T', 'AH0', 'M', 'AA1', 'T', 'OW2', 'JH', 'UW1', 'S']]",1
329415851,"tomatojuice","tomatosoup","[['T', 'AH0', 'M', 'EY1', 'T', 'OW2', 'JH', 'UW1', 'S'], ['T', 'AH0', 'M', 'AA1', 'T', 'OW2', 'JH', 'UW1', 'S']]","[['T', 'AH0', 'M', 'EY1', 'T', 'OW2', 'S', 'UW1', 'P'], ['T', 'AH0', 'M', 'AA1', 'T', 'OW2', 'S', 'UW1', 'P']]",6
934821408,"applejuice","pop","[['AE1', 'P', 'AH0', 'L', 'JH', 'UW1', 'S']]","[['P', 'AA1', 'P']]",1
934821408,"pop","food","[['P', 'AA1', 'P']]","[['F', 'UW1', 'D']]",0
934821408,"food","water","[['F', 'UW1', 'D']]","[['W', 'AO1', 'T', 'ER0']]",0
934821408,"water","chew","[['W', 'AO1', 'T', 'ER0']]","[['CH', 'UW1']]",0
934821408,"chew","orange","[['CH', 'UW1']]","[['AO1', 'R', 'AH0', 'N', 'JH'], ['AO1', 'R', 'IH0', 'N', 'JH']]",0
934821408,"orange","rootbeer","[['AO1', 'R', 'AH0', 'N', 'JH'], ['AO1', 'R', 'IH0', 'N', 'JH']]","[['R', 'UW1', 'T', 'B', 'IH1', 'R']]",1
808413379,"blueberries","broccoli","[['B', 'L', 'UW1', 'B', 'EH2', 'R', 'IY0', 'Z']]","[['B', 'R', 'AA1', 'K', 'AH0', 'L', 'IY0'], ['B', 'R', 'AA1', 'K', 'L', 'IY0']]",1
808413379,"broccoli","greenbeans","[['B', 'R', 'AA1', 'K', 'AH0', 'L', 'IY0'], ['B', 'R', 'AA1', 'K', 'L', 'IY0']]","[['G', 'R', 'IY1', 'N', 'B', 'IY1', 'N', 'Z']]",1
808413379,"greenbeans","hamburger","[['G', 'R', 'IY1', 'N', 'B', 'IY1', 'N', 'Z']]","[['HH', 'AE1', 'M', 'B', 'ER0', 'G', 'ER0']]",1
808413379,"hamburger","icecream","[['HH', 'AE1', 'M', 'B', 'ER0', 'G', 'ER0']]","[['AY1', 'S', 'K', 'R', 'IY1', 'M']]",1
808413379,"icecream","kiwi","[['AY1', 'S', 'K', 'R', 'IY1', 'M']]","[['K', 'IY1', 'W', 'IY0']]",1
808413379,"kiwi","meatloaf","[['K', 'IY1', 'W', 'IY0']]","[['M', 'IY1', 'T', 'L', 'OW0', 'F']]",1
808413379,"meatloaf","pizza","[['M', 'IY1', 'T', 'L', 'OW0', 'F']]","[['P', 'IY1', 'T', 'S', 'AH0']]",2
808413379,"pizza","banana","[['P', 'IY1', 'T', 'S', 'AH0']]","[['B', 'AH0', 'N', 'AE1', 'N', 'AH0']]",1
808413379,"banana","apple","[['B', 'AH0', 'N', 'AE1', 'N', 'AH0']]","[['AE1', 'P', 'AH0', 'L']]",1
808413379,"apple","water","[['AE1', 'P', 'AH0', 'L']]","[['W', 'AO1', 'T', 'ER0']]",0
808413379,"water","soda","[['W', 'AO1', 'T', 'ER0']]","[['S', 'OW1', 'D', 'AH0']]",0
808413379,"soda","orange","[['S', 'OW1', 'D', 'AH0']]","[['AO1', 'R', 'AH0', 'N', 'JH'], ['AO1', 'R', 'IH0', 'N', 'JH']]",1
808413379,"orange","strawberry","[['AO1', 'R', 'AH0', 'N', 'JH'], ['AO1', 'R', 'IH0', 'N', 'JH']]","[['S', 'T', 'R', 'AO1', 'B', 'EH2', 'R', 'IY0']]",1
808413379,"strawberry","chocolate","[['S', 'T', 'R', 'AO1', 'B', 'EH2', 'R', 'IY0']]","[['CH', 'AO1', 'K', 'L', 'AH0', 'T']]",1
808413379,"chocolate","beer","[['CH', 'AO1', 'K', 'L', 'AH0', 'T']]","[['B', 'IH1', 'R']]",0
808413379,"beer","chips","[['B', 'IH1', 'R']]","[['CH', 'IH1', 'P', 'S']]",1
808413379,"chips","chicken","[['CH', 'IH1', 'P', 'S']]","[['CH', 'IH1', 'K', 'AH0', 'N']]",2
808413379,"chicken","beef","[['CH', 'IH1', 'K', 'AH0', 'N']]","[['B', 'IY1', 'F']]",0
808413379,"beef","bacon","[['B', 'IY1', 'F']]","[['B', 'EY1', 'K', 'AH0', 'N']]",1
808413379,"bacon","steak","[['B', 'EY1', 'K', 'AH0', 'N']]","[['S', 'T', 'EY1', 'K']]",2
808413379,"steak","peas","[['S', 'T', 'EY1', 'K']]","[['P', 'IY1', 'Z']]",0
808413379,"peas","carrots","[['P', 'IY1', 'Z']]","[['K', 'AE1', 'R', 'AH0', 'T', 'S'], ['K', 'EH1', 'R', 'AH0', 'T', 'S']]",0
808413379,"carrots","spinach","[['K', 'AE1', 'R', 'AH0', 'T', 'S'], ['K', 'EH1', 'R', 'AH0', 'T', 'S']]","[['S', 'P', 'IH1', 'N', 'AH0', 'CH']]",1
808413379,"spinach","corn","[['S', 'P', 'IH1', 'N', 'AH0', 'CH']]","[['K', 'AO1', 'R', 'N']]",1
808413379,"corn","cherries","[['K', 'AO1', 'R', 'N']]","[['CH', 'EH1', 'R', 'IY0', 'Z']]",1
737589046,"cottagecheese","frenchtoast","[['K', 'AA1', 'T', 'AH0', 'JH', 'CH', 'IY1', 'Z'], ['K', 'AA1', 'T', 'IH0', 'JH', 'CH', 'IY1', 'Z']]","[['F', 'R', 'EH1', 'N', 'CH', 'T', 'OW1', 'S', 'T']]",1
737589046,"frenchtoast","gatorade","[['F', 'R', 'EH1', 'N', 'CH', 'T', 'OW1', 'S', 'T']]","[['G', 'AE1', 'T', 'ER0', 'EY2', 'D']]",1
737589046,"gatorade","icecream","[['G', 'AE1', 'T', 'ER0', 'EY2', 'D']]","[['AY1', 'S', 'K', 'R', 'IY1', 'M']]",0
737589046,"icecream","propel","[['AY1', 'S', 'K', 'R', 'IY1', 'M']]","[['P', 'R', 'AH0', 'P', 'EH1', 'L']]",1
737589046,"propel","lemonade","[['P', 'R', 'AH0', 'P', 'EH1', 'L']]","[['L', 'EH1', 'M', 'AH0', 'N', 'EY1', 'D']]",1
737589046,"lemonade","chips","[['L', 'EH1', 'M', 'AH0', 'N', 'EY1', 'D']]","[['CH', 'IH1', 'P', 'S']]",0
737589046,"chips","gingerbread","[['CH', 'IH1', 'P', 'S']]","[['JH', 'IH1', 'N', 'JH', 'ER0', 'B', 'R', 'EH2', 'D']]",1
737589046,"gingerbread","cake","[['JH', 'IH1', 'N', 'JH', 'ER0', 'B', 'R', 'EH2', 'D']]","[['K', 'EY1', 'K']]",0
737589046,"cake","cookies","[['K', 'EY1', 'K']]","[['K', 'UH1', 'K', 'IY0', 'Z']]",1
737589046,"cookies","turkey","[['K', 'UH1', 'K', 'IY0', 'Z']]","[['T', 'ER1', 'K', 'IY0']]",2
737589046,"turkey","ham","[['T', 'ER1', 'K', 'IY0']]","[['HH', 'AE1', 'M']]",0
737589046,"ham","eggs","[['HH', 'AE1', 'M']]","[['EH1', 'G', 'Z']]",0
737589046,"eggs","peanuts","[['EH1', 'G', 'Z']]","[['P', 'IY1', 'N', 'AH0', 'T', 'S'], ['P', 'IY1', 'N', 'AH2', 'T', 'S']]",0
527814045,"frenchfries","garlicbread","[['F', 'R', 'EH1', 'N', 'CH', 'F', 'R', 'AY1', 'Z']]","[['G', 'AA1', 'R', 'L', 'IH0', 'K', 'B', 'R', 'EH1', 'D']]",2
527814045,"garlicbread","greenpeppers","[['G', 'AA1', 'R', 'L', 'IH0', 'K', 'B', 'R', 'EH1', 'D']]","[['G', 'R', 'IY1', 'N', 'P', 'EH1', 'P', 'ER0', 'Z']]",1
527814045,"greenpeppers","hamburgers","[['G', 'R', 'IY1', 'N', 'P', 'EH1', 'P', 'ER0', 'Z']]","[['HH', 'AE1', 'M', 'B', 'ER0', 'G', 'ER0', 'Z']]",2
527814045,"hamburgers","hotdogs","[['HH', 'AE1', 'M', 'B', 'ER0', 'G', 'ER0', 'Z']]","[['HH', 'AA1', 'T', 'D', 'AO2', 'G', 'Z']]",1
527814045,"hotdogs","icecream","[['HH', 'AA1', 'T', 'D', 'AO2', 'G', 'Z']]","[['AY1', 'S', 'K', 'R', 'IY1', 'M']]",0
527814045,"icecream","lasagna","[['AY1', 'S', 'K', 'R', 'IY1', 'M']]","[['L', 'AA0', 'S', 'AA1', 'N', 'Y', 'AH0'], ['L', 'AH0', 'Z', 'AA1', 'N', 'Y', 'AH0']]",1
527814045,"lasagna","pizza","[['L', 'AA0', 'S', 'AA1', 'N', 'Y', 'AH0'], ['L', 'AH0', 'Z', 'AA1', 'N', 'Y', 'AH0']]","[['P', 'IY1', 'T', 'S', 'AH0']]",1
527814045,"pizza","water","[['P', 'IY1', 'T', 'S', 'AH0']]","[['W', 'AO1', 'T', 'ER0']]",1
527814045,"water","watermelon","[['W', 'AO1', 'T', 'ER0']]","[['W', 'AO1', 'T', 'ER0', 'M', 'EH2', 'L', 'AH0', 'N']]",4
527814045,"watermelon","candy","[['W', 'AO1', 'T', 'ER0', 'M', 'EH2', 'L', 'AH0', 'N']]","[['K', 'AE1', 'N', 'D', 'IY0']]",1
527814045,"candy","liquor","[['K', 'AE1', 'N', 'D', 'IY0']]","[['L', 'IH1', 'K', 'ER0']]",1
527814045,"liquor","mustard","[['L', 'IH1', 'K', 'ER0']]","[['M', 'AH1', 'S', 'T', 'ER0', 'D']]",1
527814045,"mustard","tomatoes","[['M', 'AH1', 'S', 'T', 'ER0', 'D']]","[['T', 'AH0', 'M', 'EY1', 'T', 'OW0', 'Z'], ['T', 'AH0', 'M', 'AA1', 'T', 'OW0', 'Z']]",1
527814045,"tomatoes","onions","[['T', 'AH0', 'M', 'EY1', 'T', 'OW0', 'Z'], ['T', 'AH0', 'M', 'AA1', 'T', 'OW0', 'Z']]","[['AH1', 'N', 'Y', 'AH0', 'N', 'Z']]",1
527814045,"onions","sodapop","[['AH1', 'N', 'Y', 'AH0', 'N', 'Z']]","[['S', 'OW1', 'D', 'AH0', 'P', 'AA1', 'P']]",1
527814045,"sodapop","corn","[['S', 'OW1', 'D', 'AH0', 'P', 'AA1', 'P']]","[['K', 'AO1', 'R', 'N']]",0
527814045,"corn","strawberries","[['K', 'AO1', 'R', 'N']]","[['S', 'T', 'R', 'AO1', 'B', 'EH2', 'R', 'IY0', 'Z']]",1
527814045,"strawberries","lettuce","[['S', 'T', 'R', 'AO1', 'B', 'EH2', 'R', 'IY0', 'Z']]","[['L', 'EH1', 'T', 'AH0', 'S']]",1
527814045,"lettuce","cheese","[['L', 'EH1', 'T', 'AH0', 'S']]","[['CH', 'IY1', 'Z']]",0
527814045,"cheese","spaghetti","[['CH', 'IY1', 'Z']]","[['S', 'P', 'AH0', 'G', 'EH1', 'T', 'IY0']]",1
527814045,"spaghetti","tacos","[['S', 'P', 'AH0', 'G', 'EH1', 'T', 'IY0']]","[['T', 'AA1', 'K', 'OW0', 'Z']]",1
264341145,"chickenlegs","chickentenders","[['CH', 'IH1', 'K', 'EH1', 'N', 'L', 'EH1', 'G', 'Z']]","[['CH', 'IH1', 'K', 'AH0', 'N', 'T', 'EH1', 'N', 'D', 'ER0', 'Z']]",3
264341145,"chickentenders","chickenwings","[['CH', 'IH1', 'K', 'AH0', 'N', 'T', 'EH1', 'N', 'D', 'ER0', 'Z']]","[['CH', 'IH1', 'K', 'AH0', 'N', 'W', 'IH1', 'NG', 'Z']]",5
264341145,"chickenwings","hamburgers","[['CH', 'IH1', 'K', 'AH0', 'N', 'W', 'IH1', 'NG', 'Z']]","[['HH', 'AE1', 'M', 'B', 'ER0', 'G', 'ER0', 'Z']]",1
264341145,"hamburgers","macandcheese","[['HH', 'AE1', 'M', 'B', 'ER0', 'G', 'ER0', 'Z']]","[['M', 'AE1', 'K', 'AH0', 'N', 'D', 'CH', 'IY1', 'Z'], ['M', 'AE1', 'K', 'AE1', 'N', 'D', 'CH', 'IY1', 'Z']]",1
264341145,"macandcheese","parmesancheese","[['M', 'AE1', 'K', 'AH0', 'N', 'D', 'CH', 'IY1', 'Z'], ['M', 'AE1', 'K', 'AE1', 'N', 'D', 'CH', 'IY1', 'Z']]","[['P', 'AA1', 'R', 'M', 'AH0', 'Z', 'AA2', 'N', 'CH', 'IY1', 'Z']]",3
264341145,"parmesancheese","ribs","[['P', 'AA1', 'R', 'M', 'AH0', 'Z', 'AA2', 'N', 'CH', 'IY1', 'Z']]","[['R', 'IH1', 'B', 'Z']]",1
264341145,"ribs","wings","[['R', 'IH1', 'B', 'Z']]","[['W', 'IH1', 'NG', 'Z']]",1
264341145,"wings","soda","[['W', 'IH1', 'NG', 'Z']]","[['S', 'OW1', 'D', 'AH0']]",0
264341145,"soda","water","[['S', 'OW1', 'D', 'AH0']]","[['W', 'AO1', 'T', 'ER0']]",0
264341145,"water","pickles","[['W', 'AO1', 'T', 'ER0']]","[['P', 'IH1', 'K', 'AH0', 'L', 'Z']]",0
264341145,"pickles","peppers","[['P', 'IH1', 'K', 'AH0', 'L', 'Z']]","[['P', 'EH1', 'P', 'ER0', 'Z']]",1
264341145,"peppers","cheese","[['P', 'EH1', 'P', 'ER0', 'Z']]","[['CH', 'IY1', 'Z']]",1
264341145,"cheese","noodles","[['CH', 'IY1', 'Z']]","[['N', 'UW1', 'D', 'AH0', 'L', 'Z']]",1
551600991,"cheeseburgers","chocolatefudge","[['CH', 'IY1', 'Z', 'B', 'ER0', 'G', 'ER0', 'Z']]","[['CH', 'AA1', 'K', 'L', 'AH0', 'T', 'IY1', 'F', 'AH1', 'JH']]",1
551600991,"chocolatefudge","chocolatemilk","[['CH', 'AA1', 'K', 'L', 'AH0', 'T', 'IY1', 'F', 'AH1', 'JH']]","[['CH', 'AA1', 'K', 'L', 'AH0', 'T', 'EH1', 'M', 'IH1', 'L', 'K']]",6
551600991,"chocolatemilk","fries","[['CH', 'AA1', 'K', 'L', 'AH0', 'T', 'EH1', 'M', 'IH1', 'L', 'K']]","[['F', 'R', 'AY1', 'Z']]",0
551600991,"fries","hamburgers","[['F', 'R', 'AY1', 'Z']]","[['HH', 'AE1', 'M', 'B', 'ER0', 'G', 'ER0', 'Z']]",1
551600991,"hamburgers","mcdonalds","[['HH', 'AE1', 'M', 'B', 'ER0', 'G', 'ER0', 'Z']]","[['M', 'AH0', 'K', 'D', 'AA1', 'N', 'AH0', 'L', 'D', 'Z']]",1
551600991,"mcdonalds","omelets","[['M', 'AH0', 'K', 'D', 'AA1', 'N', 'AH0', 'L', 'D', 'Z']]","[['AA1', 'M', 'L', 'AH0', 'T', 'S']]",1
551600991,"omelets","peanutbutterandjelly","[['AA1', 'M', 'L', 'AH0', 'T', 'S']]","[['P', 'IY1', 'N', 'AH0', 'T', 'B', 'AH1', 'T', 'ER0', 'AH0', 'N', 'D', 'JH', 'EH1', 'L', 'IY0'], ['P', 'IY1', 'N', 'AH0', 'T', 'B', 'AH1', 'T', 'ER0', 'AE1', 'N', 'D', 'JH', 'EH1', 'L', 'IY0'], ['P', 'IY1', 'N', 'AH2', 'T', 'B', 'AH1', 'T', 'ER0', 'AH0', 'N', 'D', 'JH', 'EH1', 'L', 'IY0'], ['P', 'IY1', 'N', 'AH2', 'T', 'B', 'AH1', 'T', 'ER0', 'AE1', 'N', 'D', 'JH', 'EH1', 'L', 'IY0']]",2
551600991,"peanutbutterandjelly","pizza","[['P', 'IY1', 'N', 'AH0', 'T', 'B', 'AH1', 'T', 'ER0', 'AH0', 'N', 'D', 'JH', 'EH1', 'L', 'IY0'], ['P', 'IY1', 'N', 'AH0', 'T', 'B', 'AH1', 'T', 'ER0', 'AE1', 'N', 'D', 'JH', 'EH1', 'L', 'IY0'], ['P', 'IY1', 'N', 'AH2', 'T', 'B', 'AH1', 'T', 'ER0', 'AH0', 'N', 'D', 'JH', 'EH1', 'L', 'IY0'], ['P', 'IY1', 'N', 'AH2', 'T', 'B', 'AH1', 'T', 'ER0', 'AE1', 'N', 'D', 'JH', 'EH1', 'L', 'IY0']]","[['P', 'IY1', 'T', 'S', 'AH0']]",2
551600991,"pizza","ravioli","[['P', 'IY1', 'T', 'S', 'AH0']]","[['R', 'AE2', 'V', 'IY0', 'OW1', 'L', 'IY0']]",1
551600991,"ravioli","romannoodles","[['R', 'AE2', 'V', 'IY0', 'OW1', 'L', 'IY0']]","[['R', 'OW1', 'M', 'AH0', 'N', 'UW1', 'D', 'AH0', 'L', 'Z']]",1
551600991,"romannoodles","milk","[['R', 'OW1', 'M', 'AH0', 'N', 'UW1', 'D', 'AH0', 'L', 'Z']]","[['M', 'IH1', 'L', 'K']]",1
551600991,"milk","soda","[['M', 'IH1', 'L', 'K']]","[['S', 'OW1', 'D', 'AH0']]",0
551600991,"soda","eggs","[['S', 'OW1', 'D', 'AH0']]","[['EH1', 'G', 'Z']]",0
551600991,"eggs","bacon","[['EH1', 'G', 'Z']]","[['B', 'EY1', 'K', 'AH0', 'N']]",0
551600991,"bacon","toast","[['B', 'EY1', 'K', 'AH0', 'N']]","[['T', 'OW1', 'S', 'T']]",0
551600991,"toast","pudding","[['T', 'OW1', 'S', 'T']]","[['P', 'UH1', 'D', 'IH0', 'NG']]",0
551600991,"pudding","cake","[['P', 'UH1', 'D', 'IH0', 'NG']]","[['K', 'EY1', 'K']]",0
551600991,"cake","spaghetti","[['K', 'EY1', 'K']]","[['S', 'P', 'AH0', 'G', 'EH1', 'T', 'IY0']]",0
551600991,"spaghetti","water","[['S', 'P', 'AH0', 'G', 'EH1', 'T', 'IY0']]","[['W', 'AO1', 'T', 'ER0']]",1
551600991,"water","strawberrymilk","[['W', 'AO1', 'T', 'ER0']]","[['S', 'T', 'R', 'AO1', 'B', 'EH1', 'R', 'IY0', 'M', 'IH1', 'L', 'K']]",1
551600991,"strawberrymilk","tacos","[['S', 'T', 'R', 'AO1', 'B', 'EH1', 'R', 'IY0', 'M', 'IH1', 'L', 'K']]","[['T', 'AA1', 'K', 'OW0', 'Z']]",1
55300236,"beefandnoodles","calamari","[['B', 'IY1', 'F', 'AH0', 'N', 'D', 'N', 'UW1', 'D', 'AH0', 'L', 'Z'], ['B', 'IY1', 'F', 'AE1', 'N', 'D', 'N', 'UW1', 'D', 'AH0', 'L', 'Z']]","[['K', 'AA0', 'L', 'AA0', 'M', 'AA1', 'R', 'IY0']]",1
55300236,"calamari","chickennuggets","[['K', 'AA0', 'L', 'AA0', 'M', 'AA1', 'R', 'IY0']]","[['CH', 'IH1', 'K', 'AH0', 'N', 'N', 'AH1', 'G', 'AH0', 'T', 'S']]",1
55300236,"chickennuggets","koolaid","[['CH', 'IH1', 'K', 'AH0', 'N', 'N', 'AH1', 'G', 'AH0', 'T', 'S']]","[['K', 'UW1', 'L', 'EY1', 'D']]",1
55300236,"koolaid","orangejuice","[['K', 'UW1', 'L', 'EY1', 'D']]","[['AO1', 'R', 'AH0', 'N', 'JH', 'JH', 'UW1', 'S'], ['AO1', 'R', 'IH0', 'N', 'JH', 'JH', 'UW1', 'S']]",1
55300236,"orangejuice","spaghetti","[['AO1', 'R', 'AH0', 'N', 'JH', 'JH', 'UW1', 'S'], ['AO1', 'R', 'IH0', 'N', 'JH', 'JH', 'UW1', 'S']]","[['S', 'P', 'AH0', 'G', 'EH1', 'T', 'IY0']]",1
55300236,"spaghetti","water","[['S', 'P', 'AH0', 'G', 'EH1', 'T', 'IY0']]","[['W', 'AO1', 'T', 'ER0']]",1
55300236,"water","milk","[['W', 'AO1', 'T', 'ER0']]","[['M', 'IH1', 'L', 'K']]",0
55300236,"milk","fish","[['M', 'IH1', 'L', 'K']]","[['F', 'IH1', 'SH']]",1
55300236,"fish","shrimp","[['F', 'IH1', 'SH']]","[['SH', 'R', 'IH1', 'M', 'P']]",1
55300236,"shrimp","lemonade","[['SH', 'R', 'IH1', 'M', 'P']]","[['L', 'EH1', 'M', 'AH0', 'N', 'EY1', 'D']]",1
55300236,"lemonade","candy","[['L', 'EH1', 'M', 'AH0', 'N', 'EY1', 'D']]","[['K', 'AE1', 'N', 'D', 'IY0']]",1
55300236,"candy","juice","[['K', 'AE1', 'N', 'D', 'IY0']]","[['JH', 'UW1', 'S']]",0
238652912,"cherrypepsi","drpepper","[['CH', 'EH1', 'R', 'IY0', 'P', 'EH1', 'P', 'S', 'IY0']]","[['D', 'R', 'AY1', 'V', 'P', 'EH1', 'P', 'ER0'], ['D', 'AA1', 'K', 'T', 'ER0', 'P', 'EH1', 'P', 'ER0']]",3
238652912,"drpepper","icee","[['D', 'R', 'AY1', 'V', 'P', 'EH1', 'P', 'ER0'], ['D', 'AA1', 'K', 'T', 'ER0', 'P', 'EH1', 'P', 'ER0']]","[['AY1', 'S', 'IY1']]",1
238652912,"icee","pepsi","[['AY1', 'S', 'IY1']]","[['P', 'EH1', 'P', 'S', 'IY0']]",2
238652912,"pepsi","pizza","[['P', 'EH1', 'P', 'S', 'IY0']]","[['P', 'IY1', 'T', 'S', 'AH0']]",1
238652912,"pizza","pumpkinpie","[['P', 'IY1', 'T', 'S', 'AH0']]","[['P', 'AH1', 'M', 'P', 'K', 'IH1', 'N', 'P', 'AY1']]",1
238652912,"pumpkinpie","potato","[['P', 'AH1', 'M', 'P', 'K', 'IH1', 'N', 'P', 'AY1']]","[['P', 'AH0', 'T', 'EY1', 'T', 'OW2']]",2
238652912,"potato","corn","[['P', 'AH0', 'T', 'EY1', 'T', 'OW2']]","[['K', 'AO1', 'R', 'N']]",0
238652912,"corn","beans","[['K', 'AO1', 'R', 'N']]","[['B', 'IY1', 'N', 'Z']]",1
238652912,"beans","soup","[['B', 'IY1', 'N', 'Z']]","[['S', 'UW1', 'P']]",0
238652912,"soup","tea","[['S', 'UW1', 'P']]","[['T', 'IY1']]",0
238652912,"tea","lemonade","[['T', 'IY1']]","[['L', 'EH1', 'M', 'AH0', 'N', 'EY1', 'D']]",0
238652912,"lemonade","watermelon","[['L', 'EH1', 'M', 'AH0', 'N', 'EY1', 'D']]","[['W', 'AO1', 'T', 'ER0', 'M', 'EH2', 'L', 'AH0', 'N']]",2
238652912,"watermelon","pumpkin","[['W', 'AO1', 'T', 'ER0', 'M', 'EH2', 'L', 'AH0', 'N']]","[['P', 'AH1', 'M', 'P', 'K', 'IH0', 'N'], ['P', 'AH1', 'M', 'K', 'IH0', 'N']]",1
238652912,"pumpkin","cherry","[['P', 'AH1', 'M', 'P', 'K', 'IH0', 'N'], ['P', 'AH1', 'M', 'K', 'IH0', 'N']]","[['CH', 'EH1', 'R', 'IY0']]",0
238652912,"cherry","apple","[['CH', 'EH1', 'R', 'IY0']]","[['AE1', 'P', 'AH0', 'L']]",0
238652912,"apple","orange","[['AE1', 'P', 'AH0', 'L']]","[['AO1', 'R', 'AH0', 'N', 'JH'], ['AO1', 'R', 'IH0', 'N', 'JH']]",1
329928353,"applejuice","barbecueribs","[['AE1', 'P', 'AH0', 'L', 'JH', 'UW1', 'S']]","[['B', 'AA1', 'R', 'B', 'K', 'Y', 'UW1', 'R', 'IH1', 'B', 'Z']]",1
329928353,"barbecueribs","broccoli","[['B', 'AA1', 'R', 'B', 'K', 'Y', 'UW1', 'R', 'IH1', 'B', 'Z']]","[['B', 'R', 'AA1', 'K', 'AH0', 'L', 'IY0'], ['B', 'R', 'AA1', 'K', 'L', 'IY0']]",1
329928353,"broccoli","dietcoke","[['B', 'R', 'AA1', 'K', 'AH0', 'L', 'IY0'], ['B', 'R', 'AA1', 'K', 'L', 'IY0']]","[['D', 'AY1', 'AH0', 'T', 'K', 'OW1', 'K']]",1
329928353,"dietcoke","icedcream","[['D', 'AY1', 'AH0', 'T', 'K', 'OW1', 'K']]","[['AY1', 'S', 'T', 'K', 'R', 'IY1', 'M']]",2
329928353,"icedcream","meatloaf","[['AY1', 'S', 'T', 'K', 'R', 'IY1', 'M']]","[['M', 'IY1', 'T', 'L', 'OW0', 'F']]",1
329928353,"meatloaf","orangejuice","[['M', 'IY1', 'T', 'L', 'OW0', 'F']]","[['AO1', 'R', 'AH0', 'N', 'JH', 'JH', 'UW1', 'S'], ['AO1', 'R', 'IH0', 'N', 'JH', 'JH', 'UW1', 'S']]",0
329928353,"orangejuice","popsicles","[['AO1', 'R', 'AH0', 'N', 'JH', 'JH', 'UW1', 'S'], ['AO1', 'R', 'IH0', 'N', 'JH', 'JH', 'UW1', 'S']]","[['P', 'AA1', 'P', 'S', 'AY1', 'S', 'IY1', 'L', 'EH1', 'S'], ['P', 'AA1', 'P', 'S', 'AY1', 'S', 'IY1', 'L', 'EY1']]",1
329928353,"popsicles","cake","[['P', 'AA1', 'P', 'S', 'AY1', 'S', 'IY1', 'L', 'EH1', 'S'], ['P', 'AA1', 'P', 'S', 'AY1', 'S', 'IY1', 'L', 'EY1']]","[['K', 'EY1', 'K']]",0
329928353,"cake","fruit","[['K', 'EY1', 'K']]","[['F', 'R', 'UW1', 'T']]",0
329928353,"fruit","milk","[['F', 'R', 'UW1', 'T']]","[['M', 'IH1', 'L', 'K']]",0
329928353,"milk","water","[['M', 'IH1', 'L', 'K']]","[['W', 'AO1', 'T', 'ER0']]",0
329928353,"water","steak","[['W', 'AO1', 'T', 'ER0']]","[['S', 'T', 'EY1', 'K']]",1
329928353,"steak","lettuce","[['S', 'T', 'EY1', 'K']]","[['L', 'EH1', 'T', 'AH0', 'S']]",1
329928353,"lettuce","salad","[['L', 'EH1', 'T', 'AH0', 'S']]","[['S', 'AE1', 'L', 'AH0', 'D']]",1
329928353,"salad","sprite","[['S', 'AE1', 'L', 'AH0', 'D']]","[['S', 'P', 'R', 'AY1', 'T']]",1
352061675,"breadsticks","chickennuggets","[['B', 'R', 'EH1', 'D', 'Z', 'T', 'IH1', 'K', 'S']]","[['CH', 'IH1', 'K', 'AH0', 'N', 'N', 'AH1', 'G', 'AH0', 'T', 'S']]",2
352061675,"chickennuggets","frenchfries","[['CH', 'IH1', 'K', 'AH0', 'N', 'N', 'AH1', 'G', 'AH0', 'T', 'S']]","[['F', 'R', 'EH1', 'N', 'CH', 'F', 'R', 'AY1', 'Z']]",1
352061675,"frenchfries","hamburgers","[['F', 'R', 'EH1', 'N', 'CH', 'F', 'R', 'AY1', 'Z']]","[['HH', 'AE1', 'M', 'B', 'ER0', 'G', 'ER0', 'Z']]",1
352061675,"hamburgers","hotdogs","[['HH', 'AE1', 'M', 'B', 'ER0', 'G', 'ER0', 'Z']]","[['HH', 'AA1', 'T', 'D', 'AO2', 'G', 'Z']]",1
352061675,"hotdogs","marinarasauce","[['HH', 'AA1', 'T', 'D', 'AO2', 'G', 'Z']]","[['M', 'ER0', 'IY1', 'N', 'AH0', 'R', 'AE1', 'S', 'OW1', 'S', 'IY1', 'IY1']]",0
352061675,"marinarasauce","peanutbutter","[['M', 'ER0', 'IY1', 'N', 'AH0', 'R', 'AE1', 'S', 'OW1', 'S', 'IY1', 'IY1']]","[['P', 'IY1', 'N', 'AH0', 'T', 'B', 'AH1', 'T', 'ER0'], ['P', 'IY1', 'N', 'AH2', 'T', 'B', 'AH1', 'T', 'ER0']]",3
352061675,"peanutbutter","pizza","[['P', 'IY1', 'N', 'AH0', 'T', 'B', 'AH1', 'T', 'ER0'], ['P', 'IY1', 'N', 'AH2', 'T', 'B', 'AH1', 'T', 'ER0']]","[['P', 'IY1', 'T', 'S', 'AH0']]",2
352061675,"pizza","squid","[['P', 'IY1', 'T', 'S', 'AH0']]","[['S', 'K', 'W', 'IH1', 'D']]",1
352061675,"squid","peaches","[['S', 'K', 'W', 'IH1', 'D']]","[['P', 'IY1', 'CH', 'AH0', 'Z'], ['P', 'IY1', 'CH', 'IH0', 'Z']]",0
352061675,"peaches","apples","[['P', 'IY1', 'CH', 'AH0', 'Z'], ['P', 'IY1', 'CH', 'IH0', 'Z']]","[['AE1', 'P', 'AH0', 'L', 'Z']]",1
352061675,"apples","soda","[['AE1', 'P', 'AH0', 'L', 'Z']]","[['S', 'OW1', 'D', 'AH0']]",1
352061675,"soda","chicken","[['S', 'OW1', 'D', 'AH0']]","[['CH', 'IH1', 'K', 'AH0', 'N']]",1
352061675,"chicken","carrots","[['CH', 'IH1', 'K', 'AH0', 'N']]","[['K', 'AE1', 'R', 'AH0', 'T', 'S'], ['K', 'EH1', 'R', 'AH0', 'T', 'S']]",1
352061675,"carrots","cabbage","[['K', 'AE1', 'R', 'AH0', 'T', 'S'], ['K', 'EH1', 'R', 'AH0', 'T', 'S']]","[['K', 'AE1', 'B', 'AH0', 'JH'], ['K', 'AE1', 'B', 'IH0', 'JH']]",2
352061675,"cabbage","lettuce","[['K', 'AE1', 'B', 'AH0', 'JH'], ['K', 'AE1', 'B', 'IH0', 'JH']]","[['L', 'EH1', 'T', 'AH0', 'S']]",1
352061675,"lettuce","cheese","[['L', 'EH1', 'T', 'AH0', 'S']]","[['CH', 'IY1', 'Z']]",0
352061675,"cheese","soup","[['CH', 'IY1', 'Z']]","[['S', 'UW1', 'P']]",0
352061675,"soup","yogurt","[['S', 'UW1', 'P']]","[['Y', 'OW1', 'G', 'ER0', 'T']]",0
422150423,"applecider","applejuice","[['AE1', 'P', 'AH0', 'L', 'S', 'AY1', 'D', 'ER0']]","[['AE1', 'P', 'AH0', 'L', 'JH', 'UW1', 'S']]",4
422150423,"applejuice","cranberryjuice","[['AE1', 'P', 'AH0', 'L', 'JH', 'UW1', 'S']]","[['K', 'R', 'AE1', 'N', 'B', 'EH2', 'R', 'IY0', 'JH', 'UW1', 'S']]",3
422150423,"cranberryjuice","spaghetti","[['K', 'R', 'AE1', 'N', 'B', 'EH2', 'R', 'IY0', 'JH', 'UW1', 'S']]","[['S', 'P', 'AH0', 'G', 'EH1', 'T', 'IY0']]",1
422150423,"spaghetti","tunafish","[['S', 'P', 'AH0', 'G', 'EH1', 'T', 'IY0']]","[['T', 'UW1', 'N', 'AH0', 'F', 'IH0', 'SH']]",1
422150423,"tunafish","juice","[['T', 'UW1', 'N', 'AH0', 'F', 'IH0', 'SH']]","[['JH', 'UW1', 'S']]",1
422150423,"juice","tomatoes","[['JH', 'UW1', 'S']]","[['T', 'AH0', 'M', 'EY1', 'T', 'OW0', 'Z'], ['T', 'AH0', 'M', 'AA1', 'T', 'OW0', 'Z']]",0
422150423,"tomatoes","vegetables","[['T', 'AH0', 'M', 'EY1', 'T', 'OW0', 'Z'], ['T', 'AH0', 'M', 'AA1', 'T', 'OW0', 'Z']]","[['V', 'EH1', 'JH', 'T', 'AH0', 'B', 'AH0', 'L', 'Z']]",2
422150423,"vegetables","asparagus","[['V', 'EH1', 'JH', 'T', 'AH0', 'B', 'AH0', 'L', 'Z']]","[['AH0', 'S', 'P', 'EH1', 'R', 'AH0', 'G', 'AH0', 'S']]",1
422150423,"asparagus","salmon","[['AH0', 'S', 'P', 'EH1', 'R', 'AH0', 'G', 'AH0', 'S']]","[['S', 'AE1', 'M', 'AH0', 'N']]",1
